opcode,latitude_dd,longitude_dd,status,date_raw,time_raw,date_time,site,location,depth_m,uwa_con_number,status_x,commonwealth_zone,state_zone,observer_count,observer_length,successful_count,successful_length,curtin_length_analyst,uwa_length_analyst,Ryan Target Species MaxN Check,Ryan Check Comments,maxn_complete_date,maxn_checker,curtin_observer,uwa_observer,left_cam,right_cam,video_notes,con_hdd_number,raw_hdd_number,forwards_habitat_image_saved,vis_in_metres,habitat_classification,length_complete_date,comment,old_dates,post_cal,inclusion_probabilities
1,-33.3635,115.2142,Fished,2014-12-10,13:20:00,2014-12-10T13:20:00+08:00,Geographe Bay,Geographe Bay,40,1,Fished,Special Purpose Zone (Mining Exclusion),NA,Hayley,Molly,Yes,Yes,Laura,Molly,Yes,,20200623,Brooke Gibbons & Claude,Lizzy,Hayley,13,14,Y,1,,,,,20220719,,23.06.20,,0.006974
2,-33.4405,115.101,Fished,2014-12-10,06:29:00,2014-12-10T06:29:00+08:00,Geographe Bay,Geographe Bay,40.5,1,Fished,Special Purpose Zone (Mining Exclusion),NA,Test video ,Molly,Yes,Yes,Laura,Molly,Yes,,20220622,Brooke Gibbons & Claude,Lizzy,Test video ,15,16,y,1,,,,,20220720,,,,0.006974
3,-33.4921,115.3549,Fished,2014-12-13,08:41:00,2014-12-13T08:41:00+08:00,Geographe Bay,Geographe Bay,24.8,1,Fished,Multiple Use Zone,NA,Hayley ,Molly,Yes,Yes,Damo,Molly,Yes,,20200625,Brooke Gibbons & Claude,Lizzy,Hayley ,15,16,,3,,,,,20220720,Right out early,25.06.20,,0.006974
4,-33.3921,115.2281,Fished,2014-12-10,14:13:00,2014-12-10T14:13:00+08:00,Geographe Bay,Geographe Bay,38.4,1,Fished,Special Purpose Zone (Mining Exclusion),NA,Hayley ,Molly,Yes,No,Tamy,Molly,Yes,"Calibrations too bad to get any measurements or 3D points, changed successful length to 'No'",20200625,Brooke Gibbons & Claude,Lizzy,Hayley ,11,12,Y,2,,,,,20220720,,25.06.20,Y,0.006974
5,-33.3628,115.455,Fished,2014-12-11,09:43:00,2014-12-11T09:43:00+08:00,Geographe Bay,Geographe Bay,25.7,1,Fished,Special Purpose Zone (Mining Exclusion),NA,test video,Molly,Yes,Yes,Ronen,Molly,Yes,,20220622,Claude,Lizzy,test video,23,24,Y,1,,,,,20220720,,,,0.006974
6,-33.4071,115.1204,Fished,2014-12-10,07:55:00,2014-12-10T07:55:00+08:00,Geographe Bay,Geographe Bay,41.8,1,Fished,Special Purpose Zone (Mining Exclusion),NA,Hayley ,Molly,Yes,Yes,Laura,Molly,Yes,,20200625,Brooke Gibbons & Claude,Lizzy,Hayley ,25,26,Y,1,,,,,20220720,,25.06.20,,0.006974
7,-33.4205,115.4457,Fished,2014-12-13,11:04:00,2014-12-13T11:04:00+08:00,Geographe Bay,Geographe Bay,23.2,3,Fished,Special Purpose Zone (Mining Exclusion),NA,Logan,Molly,Yes,Yes,Damon,Molly,Yes,,20200819,Brooke Gibbons & Claude,Lizzy,Logan,11,12,,5,,,,,20220720,,19.08.20,Y,0.006974
9,-33.3643,115.1361,Fished,2014-12-10,10:04:00,2014-12-10T10:04:00+08:00,Geographe Bay,Geographe Bay,41.8,3,Fished,Special Purpose Zone (Mining Exclusion),NA,Molly,N/A,Yes,No,N/A,,Yes,,20220711,Claude,Lauren,Molly,25,26,R cam cut out on seabed,2,,,,,,did not film sheet,,,0.006974
10,-33.5282,115.3313,Fished,2014-12-12,10:48:00,2014-12-12T10:48:00+08:00,Geographe Bay,Geographe Bay,22.7,1,Fished,Multiple Use Zone,NA,Hayley ,Molly,Yes,No,Ronen,Molly,Yes,,20200626,Brooke Gibbons & Claude,Lauren,Hayley ,21,22,,1,,,,,20220720,,26.06.20,,0.006974
11,-33.5712,115.2958,Fished,2014-12-12,08:59:00,2014-12-12T08:59:00+08:00,Geographe Bay,Geographe Bay,21.7,1,Fished,Multiple Use Zone,NA,Hayley ,Molly,Yes,Yes,Tamy,Molly,Yes,,20200629,Brooke Gibbons & Claude,Lauren,Hayley ,13,14,,2,,,,,20220720,,29.06.20,,0.006974
12,-33.404,115.2616,Fished,2014-12-10,14:00:00,2014-12-10T14:00:00+08:00,Geographe Bay,Geographe Bay,38.7,1,Fished,Special Purpose Zone (Mining Exclusion),NA,Hayley ,Molly,Yes,Yes,Ronen,Molly,Yes,,20200629,Brooke Gibbons & Claude,Lauren,Hayley ,17,18,Y,2,,,,,20220720,,29.06.20,Y,0.006974
13,-33.4502,115.0925,Fished,2014-12-09,13:41:00,2014-12-09T13:41:00+08:00,Geographe Bay,Geographe Bay,42.4,1,Fished,Special Purpose Zone (Mining Exclusion),NA,Hayley ,Molly,Yes,Yes,Ronen,Molly,Yes,,20200629,Brooke Gibbons & Claude,Lauren,Hayley ,21,22,Y,1,,,,,20220720,"BLUE HOUSING, FACING UP A BIT, CHECK",29.06.20,Y,0.006974
14,-33.5297,115.413,Fished,2014-12-13,05:56:00,2014-12-13T05:56:00+08:00,Geographe Bay,Geographe Bay,13.2,2,Fished,Multiple Use Zone,NA,Logan,Molly,Yes,Yes,Lauren,Molly,Yes,,20200708,Brooke Gibbons & Claude,Lizzy,Logan,21,22,,4,,,,,20220720,,08.07.20,Y,0.065466
15,-33.5782,115.2148,Fished,2014-12-12,06:27:00,2014-12-12T06:27:00+08:00,Geographe Bay,Geographe Bay,26.2,2,Fished,Habitat Protection Zone,NA,Logan,Molly,Yes,Yes,Lauren,Molly,Yes,,20200708,Brooke Gibbons & Claude,laura,Logan,23,24,,4,,,,,20220720,,08.07.20,Y,0.065466
16,-33.3889,115.4986,Fished,2014-12-11,12:21:00,2014-12-11T12:21:00+08:00,Geographe Bay,Geographe Bay,20,1,Fished,Special Purpose Zone (Mining Exclusion),NA,Hayley,Molly,Yes,Yes,Laura,Molly,Yes,,20200629,Brooke Gibbons & Claude,Lauren,Hayley,25,26,Y,1,,,,,20220720,,29.06.20,,0.006974
17,-33.3636,115.2327,Fished,2014-12-10,13:27:00,2014-12-10T13:27:00+08:00,Geographe Bay,Geographe Bay,38.8,1,Fished,Special Purpose Zone (Mining Exclusion),NA,Hayley,Molly,Yes,Yes,Tamy,Molly,Yes,,20200630,Brooke Gibbons & Claude,Laura,Hayley,21,22,Y,2,,,,,20220720,,30.06.20,Y,0.006974
18,-33.3926,115.0981,Fished,2014-12-10,07:44:00,2014-12-10T07:44:00+08:00,Geographe Bay,Geographe Bay,42.4,1,Fished,Special Purpose Zone (Mining Exclusion),NA,Hayley,Molly,Yes,Yes,Ronen,Molly,Yes,,20200630,Brooke Gibbons & Claude,Lizzy,Hayley,23,24,Y,1,,,,,20220722,,30.06.20,Y,0.006974
19,-33.4605,115.3618,Fished,2014-12-13,10:33:00,2014-12-13T10:33:00+08:00,Geographe Bay,Geographe Bay,26,2,Fished,Special Purpose Zone (Mining Exclusion),NA,Logan,Molly,Yes,Yes,Lauren,Molly,Yes,,20200709,Brooke Gibbons & Claude,Lauren,Logan,19,20,,4,,,,,20220909,Snapper present,9.7.20,Y,0.006974
20,-33.4339,115.2221,Fished,2014-12-10,11:09:00,2014-12-10T11:09:00+08:00,Geographe Bay,Geographe Bay,36,1,Fished,Special Purpose Zone (Mining Exclusion),NA,Hayley,Molly,Yes,Yes,Ronen,Molly,Yes,,20200701,Brooke Gibbons & Claude,Laura,Hayley,5,6,Y,2,,,,,20220720,,1.7.20,,0.006974
21,-33.3857,115.3977,Fished,2014-12-14,06:54:00,2014-12-14T06:54:00+08:00,Geographe Bay,Geographe Bay,15.7,,Fished,Special Purpose Zone (Mining Exclusion),NA,,,No,No,Laura,,No,No videos,,,Lauren,,23,24,,BH,,,,,,,,,0.006974
22,-33.5746,115.1807,Fished,2014-12-09,07:10:00,2014-12-09T07:10:00+08:00,Geographe Bay,Geographe Bay,22.6,1,Fished,Multiple Use Zone,NA,test video,Molly,Yes,Yes,Ronen,Molly,Yes,,20220622,Claude,Lizzy,test video,17,18,Y,2,,,,,20220720,,,Y,0.006974
23_old,-33.5042,115.4289,Fished,2014-12-13,06:13:00,2014-12-13T06:13:00+08:00,Geographe Bay,Geographe Bay,13.6,1,Fished,Multiple Use Zone,NA,,,No,No,N/A,,No,Duplicate?,,,N/A,,17,18,,,,,,,,Facing up,,,0.065466
23,-33.5042,115.4289,Fished,2014-12-16,11:29:00,2014-12-16T11:29:00+08:00,Geographe Bay,Geographe Bay,13.6,1,Fished,Multiple Use Zone,NA,Hayley,Molly,Yes,Yes,Laura,Molly,Yes,,20200701,Brooke Gibbons & Claude,Lauren,Hayley,11,12,,3,,,,,20220720,,1.7.20,Y,0.065466
24,-33.4712,115.2862,Fished,2014-12-09,06:05:00,2014-12-09T06:05:00+08:00,Geographe Bay,Geographe Bay,29.2,1,Fished,Special Purpose Zone (Mining Exclusion),NA,Hayley,Molly,Yes,Yes,Laura,Molly,Yes,,20200701,Brooke Gibbons & Claude,Lizzy,Hayley,9,10,Y,1,,,,,20220720,,1.7.20,Y,0.006974
25,-33.3833,115.0828,Fished,2014-12-10,07:10:00,2014-12-10T07:10:00+08:00,Geographe Bay,Geographe Bay,42.5,1,Fished,Special Purpose Zone (Mining Exclusion),NA,Hayley,Molly,Yes,Yes,Lizzy,Molly,Yes,,20200702,Brooke Gibbons & Claude,Lauren,Hayley,19,20,Y,2,,,,,20220913,,2.7.20,,0.006974
26,-33.55,115.3236,Fished,2014-12-12,11:02:00,2014-12-12T11:02:00+08:00,Geographe Bay,Geographe Bay,20.5,1,Fished,Multiple Use Zone,NA,Hayley,Molly,Yes,Yes,Damo,Molly,Yes,,20200703,Brooke Gibbons & Claude,Laura,Hayley,9,10,,3,,,,,20220722,,3.7.20,Y,0.006974
27,-33.5464,115.1884,Fished,2014-12-09,07:00:00,2014-12-09T07:00:00+08:00,Geographe Bay,Geographe Bay,28.2,1,Fished,Multiple Use Zone,NA,Hayley,Molly,Yes,Yes,Ronen,Molly,Yes,,20200703,Brooke Gibbons & Claude,Lauren,Hayley,23,24,Y,1,,,,,20220801,1B=BLUE HOUSING,3.7.20,Y,0.006974
28,-33.4272,115.2873,Fished,2014-12-11,07:07:00,2014-12-11T07:07:00+08:00,Geographe Bay,Geographe Bay,34,1,Fished,Special Purpose Zone (Mining Exclusion),NA,Hayley,Molly,Yes,Yes,Lizzy,Molly,Yes,,20200703,Brooke Gibbons & Claude,Lizzy,Hayley,15,16,Y,2,,,,,20220722,,3.7.20,,0.006974
29,-33.487,115.1764,Fished,2014-12-09,10:30:00,2014-12-09T10:30:00+08:00,Geographe Bay,Geographe Bay,34.3,1,Fished,Multiple Use Zone,NA,Hayley,Molly,Yes,Yes,Lizzy,Molly,Yes,,20200703,Logan Penman & Claude,Lauren,Hayley,23,24,Y,2,,,,,20220722,,3.7.20,Y,0.006974
30,-33.4241,115.3341,Fished,2014-12-11,06:37:00,2014-12-11T06:37:00+08:00,Geographe Bay,Geographe Bay,31.8,1,Fished,Special Purpose Zone (Mining Exclusion),NA,Hayley,Molly,Yes,Yes,Lauren,Molly,Yes,,20200713,Logan Penman & Claude,Lizzy,Hayley,9,10,Y,2,,,,,20220722,,13.7.20,Y,0.006974
31,-33.5986,115.2369,Fished,2014-12-12,05:55:00,2014-12-12T05:55:00+08:00,Geographe Bay,Geographe Bay,26.3,2,Fished,Multiple Use Zone,NA,Logan,Molly,Yes,Yes,Lauren,Molly,Yes,,20200709,Brooke Gibbons & Claude,laura,Logan,15,16,,4,,,,,20220722,,9.7.20,,0.006974
32,-33.4808,115.4621,Fished,2014-12-13,07:53:00,2014-12-13T07:53:00+08:00,Geographe Bay,Geographe Bay,14.1,1,Fished,Special Purpose Zone (Mining Exclusion),NA,Hayley,Molly,Yes,Yes,Lizzy,Molly,Yes,,20200713,Logan Penman & Claude,Laura,Hayley,11,12,,3,,,,,20220722,,13.7.20,Y,0.006974
33,-33.3528,115.3205,Fished,2014-12-11,08:54:00,2014-12-11T08:54:00+08:00,Geographe Bay,Geographe Bay,34.1,3,Fished,Special Purpose Zone (Mining Exclusion),NA,Molly,N/A,Yes,No,N/A,,Yes,,20220711,Claude,Lauren,Molly,13,14,R=FAIL,1L,,,,,,,,,0.006974
34,-33.3845,115.0739,Fished,2014-12-10,07:05:00,2014-12-10T07:05:00+08:00,Geographe Bay,Geographe Bay,43,3,Fished,Special Purpose Zone (Mining Exclusion),NA,Lizzy,N/A,Yes,No,N/A,,Yes,,20220713,Claude,Lizzy,Curtin,5,6,Right=FAIL,2L,,,,,,,,,0.006974
35,-33.4055,115.4157,Fished,2014-12-13,11:14:00,2014-12-13T11:14:00+08:00,Geographe Bay,Geographe Bay,27.9,3,Fished,Special Purpose Zone (Mining Exclusion),NA,Logan,Molly,Yes,Yes,Lizzy,Molly,Yes,,20200819,Brooke Gibbons & Claude,Lizzy,Logan,25,26,,5,,,,,20220801,,19.08.20,,0.006974
36,-33.4269,115.2077,Fished,2014-12-10,11:17:00,2014-12-10T11:17:00+08:00,Geographe Bay,Geographe Bay,38.2,1,Fished,Special Purpose Zone (Mining Exclusion),NA,Hayley,Molly,Yes,Yes,Lizzy,Molly,Yes,,20200713,Logan Penman & Claude,Laura,Hayley,13,14,Y,2,,,,,20220801,,13.7.20,,0.006974
37,-33.3585,115.3721,Fished,2014-12-11,09:11:00,2014-12-11T09:11:00+08:00,Geographe Bay,Geographe Bay,30.3,1,Fished,Special Purpose Zone (Mining Exclusion),NA,Hayley,Molly,Yes,Yes,Laura,Molly,Yes,,20200714,Logan Penman & Claude,Lizzy,Hayley,19,20,Y,1,,,,,20220909,,14.07.20,,0.006974
38,-33.5037,115.1274,Fished,2014-12-09,12:45:00,2014-12-09T12:45:00+08:00,Geographe Bay,Geographe Bay,34.5,1,Fished,Multiple Use Zone,NA,Hayley ,Molly,Yes,Yes,Ronen,Molly,Yes,,20200716,Logan Penman & Claude,Lizzy,Hayley ,11,12,Y,1,,,,,20220801,,16.07.20,Y,0.006974
39,-33.465,115.4329,Fished,2014-12-11,13:20:00,2014-12-11T13:20:00+08:00,Geographe Bay,Geographe Bay,19.8,1,Fished,Special Purpose Zone (Mining Exclusion),NA,Hayley,Molly,Yes,Yes,Laura,Molly,Yes,,20200716,Logan Penman & Claude,Lizzy,Hayley,15,16,Y,1,,,,,20220801,,16.07.20,,0.006974
40,-33.472,115.2287,Fished,2014-12-09,09:57:00,2014-12-09T09:57:00+08:00,Geographe Bay,Geographe Bay,33.7,1,Fished,Special Purpose Zone (Mining Exclusion),NA,Hayley,Molly,Yes,Yes,Laura,Molly,Yes,,20200716,Logan Penman & Claude,Lauren,Hayley,19,20,Y,1,,,,,20220909,,16.07.20,,0.006974
41,-33.3679,115.0986,Fished,2014-12-10,07:35:00,2014-12-10T07:35:00+08:00,Geographe Bay,Geographe Bay,42.5,1,Fished,Special Purpose Zone (Mining Exclusion),NA,Hayley,Molly,Yes,Yes,Damo,Molly,Yes,,20200716,Logan Penman & Claude,Laura,Hayley,17,18,Y,1,,,,,20220801,,16.07.20,Y,0.006974
42,-33.5425,115.3862,No-take,2014-12-12,13:13:00,2014-12-12T13:13:00+08:00,Geographe Bay,Geographe Bay,13,2,No-take,National Park Zone,NA,Logan,Molly,Yes,No,Lauren,Molly,Yes,,20200713,Brooke Gibbons & Claude,laura,Logan,23,24,,4,,,,,20220801,,13.07.20,Y,0.006974
44,-33.3984,115.3097,Fished,2014-12-11,06:54:00,2014-12-11T06:54:00+08:00,Geographe Bay,Geographe Bay,34.4,1,Fished,Special Purpose Zone (Mining Exclusion),NA,Hayley,Molly,Yes,Yes,Lauren,Molly,Yes,,20200717,Logan Penman & Claude,Lauren,Hayley,21,22,Y,2,,,,,20220801,,17.07.20,Y,0.006974
45,-33.4446,115.1317,Fished,2014-12-09,13:28:00,2014-12-09T13:28:00+08:00,Geographe Bay,Geographe Bay,41.1,1,Fished,Special Purpose Zone (Mining Exclusion),NA,Hayley,Molly,Yes,Yes,Laura,Molly,Yes,,20200717,Logan Penman & Claude,Lauren,Hayley,5,6,Y,1,,,,,20220801,,17.07.20,,0.006974
46,-33.4028,115.3493,Fished,2014-12-14,06:35:00,2014-12-14T06:35:00+08:00,Geographe Bay,Geographe Bay,18,,Fished,Special Purpose Zone (Mining Exclusion),NA,,,No,No,Laura,,No,No videos,,,Lauren,,19,20,,BH,,,,,,, ,,0.006974
47,-33.5485,115.2878,Fished,2014-12-12,10:29:00,2014-12-12T10:29:00+08:00,Geographe Bay,Geographe Bay,24.3,1,Fished,Multiple Use Zone,NA,Hayley ,Molly,Yes,Yes,Laura,Molly,Yes,,20200717,Logan Penman & Claude,Lauren,Hayley ,15,16,,3,,,,,20220801,,17.07.20,,0.006974
48,-33.4028,115.5134,Fished,2014-12-11,12:31:00,2014-12-11T12:31:00+08:00,Geographe Bay,Geographe Bay,17.2,1,Fished,Special Purpose Zone (Mining Exclusion),NA,Hayley,Molly,Yes,Yes,Lauren,Molly,Yes,,20200717,Logan Penman & Claude,Lizzy,Hayley,23,24,Y,2,,,,,20220802,Rear fail,17.07.20,Y,0.006974
49,-33.3809,115.2721,Fished,2014-12-10,13:51:00,2014-12-10T13:51:00+08:00,Geographe Bay,Geographe Bay,37.7,1,Fished,Special Purpose Zone (Mining Exclusion),NA,Hayley,Molly,Yes,Yes,Lizzy,Molly,Yes,,20200717,Logan Penman & Claude,Laura,Hayley,9,10,Y,2,,,,,20220802,,17.07.20,Y,0.006974
50,-33.4108,115.1742,Fished,2014-12-10,10:29:00,2014-12-10T10:29:00+08:00,Geographe Bay,Geographe Bay,40.5,3,Fished,Special Purpose Zone (Mining Exclusion),NA,Lizzy,N/A,Yes,No,N/A,,Yes,,20220713,Claude,Lizzy,Curtin,17,18,R=FAIL WHEN HIT SEABED,2L,,,,,,,,,0.006974
51,-33.4316,115.4137,Fished,2014-12-13,10:52:00,2014-12-13T10:52:00+08:00,Geographe Bay,Geographe Bay,25.4,1,Fished,Special Purpose Zone (Mining Exclusion),NA,Damon,N/A,Yes,No,N/A,,Yes,,20220707,Claude,Damon,,17,18,R=FAIL,,,,,,,Snapper come in late,,,0.006974
52,-33.4927,115.2982,Fished,2014-12-09,06:14:00,2014-12-09T06:14:00+08:00,Geographe Bay,Geographe Bay,29.7,3,Fished,Multiple Use Zone,NA,Lizzy,N/A,Yes,No,N/A,,Yes,,20220708,Claude,Lizzy,Curtin,19,20,L YES R FAIL,1 Left only,,,,,,,,,0.006974
53,-33.3582,115.3565,Fished,2014-12-11,09:04:00,2014-12-11T09:04:00+08:00,Geographe Bay,Geographe Bay,31.4,1,Fished,Special Purpose Zone (Mining Exclusion),NA,Hayley,Molly,Yes,Yes,Ronen,Molly,Yes,,20200719,Logan Penman & Claude,Lizzy,Hayley,21,22,Y,1,,,,,20220802,,19.07.20,Y,0.006974
54,-33.5131,115.1532,Fished,2014-12-09,10:47:00,2014-12-09T10:47:00+08:00,Geographe Bay,Geographe Bay,33.1,1,Fished,Multiple Use Zone,NA,Hayley ,Molly,Yes,Yes,Laura,Molly,Yes,,20200719,Logan Penman & Claude,Lizzy,Hayley ,25,26,Y,1,,,,,20220802,,19.07.20,,0.006974
55,-33.5709,115.2801,Fished,2014-12-12,09:05:00,2014-12-12T09:05:00+08:00,Geographe Bay,Geographe Bay,22.2,1,Fished,Multiple Use Zone,NA,Hayley,Molly,Yes,No,Ronen,Molly,Yes,,20200719,Logan Penman & Claude,Lizzy,Hayley,15,16,,2,,,,,20220802,REAR FAIL,19.07.20,,0.006974
56,-33.4953,115.2224,Fished,2014-12-09,09:49:00,2014-12-09T09:49:00+08:00,Geographe Bay,Geographe Bay,32,3,Fished,Multiple Use Zone,NA,Lizzy,N/A,Yes,No,N/A,,Yes,,20220708,Claude,Lizzy,Curtin,5,6,Right = Fail,1 Left only,,,,,,,,,0.006974
58,-33.5697,115.3796,No-take,2014-12-12,13:02:00,2014-12-12T13:02:00+08:00,Geographe Bay,Geographe Bay,13.5,1,No-take,National Park Zone,NA,Hayley,Molly,Yes,Yes,Laura,Molly,Yes,,20200719,Logan Penman & Claude,Lauren,Hayley,25,26,,3,,,,,20220802,,19.07.20,,0.006974
60,-33.3626,115.5049,Fished,2014-12-11,09:55:00,2014-12-11T09:55:00+08:00,Geographe Bay,Geographe Bay,21.5,1,Fished,Special Purpose Zone (Mining Exclusion),NA,Hayley ,Molly,Yes,Yes,Laura,Molly,Yes,,20200720,Logan Penman & Claude,Lizzy,Hayley ,11,12,Y,1,,,,,20220802,,20.07.20,Y,0.006974
61,-33.4993,115.1345,Fished,2014-12-09,12:50:00,2014-12-09T12:50:00+08:00,Geographe Bay,Geographe Bay,34.8,1,Fished,Multiple Use Zone,NA,Hayley,Molly,Yes,Yes,Ronen,Molly,Yes,,20200720,Logan Penman & Claude,Lauren,Hayley,23,24,Y,1,,,,,20220802,,20.07.20,Y,0.006974
62,-33.4505,115.3307,Fished,2014-12-11,06:24:00,2014-12-11T06:24:00+08:00,Geographe Bay,Geographe Bay,29.3,1,Fished,Special Purpose Zone (Mining Exclusion),NA,Hayley,Molly,Yes,Yes,Tamy,Molly,Yes,,20200721,Logan Penman & Claude,Lizzy,Hayley,23,24,Y,2,,,,,20220802,,21.07.20,Y,0.006974
63,-33.5039,115.2562,Fished,2014-12-09,06:29:00,2014-12-09T06:29:00+08:00,Geographe Bay,Geographe Bay,30,1,Fished,Multiple Use Zone,NA,Hayley,Molly,Yes,Yes,Lauren,Molly,Yes,,20200721,Logan Penman & Claude,Lauren,Hayley,21,22,Y,2,,,,,20220802,BACK REC TO CAM|BLUE HOUSING,21.07.20,Y,0.006974
64,-33.4364,115.5095,Fished,2014-12-11,12:54:00,2014-12-11T12:54:00+08:00,Geographe Bay,Geographe Bay,14.2,1,Fished,Special Purpose Zone (Mining Exclusion),NA,Hayley,Molly,Yes,Yes,Laura,Molly,Yes,,20200721,Logan Penman & Claude,Lauren,Hayley,5,6,Y,1,,,,,20220802,,21.07.20,,0.006974
65,-33.3597,115.2048,Fished,2014-12-10,13:15:00,2014-12-10T13:15:00+08:00,Geographe Bay,Geographe Bay,39.4,1,Fished,Special Purpose Zone (Mining Exclusion),NA,Hayley,Molly,Yes,Yes,Ronen,Molly,Yes,,20200721,Logan Penman & Claude,Lauren,Hayley,15,16,Y,2,,,,,20220802,,21.07.20,,0.006974
67,-33.4783,115.0859,Fished,2014-12-13,10:10:00,2014-12-13T10:10:00+08:00,Geographe Bay,Geographe Bay,21.4,1,Fished,Special Purpose Zone (Mining Exclusion),NA,Hayley,Molly,Yes,Yes,Damo,Molly,Yes,,20200722,Logan Penman & Claude,Lauren,Hayley,15,16,,5,,,,,20220802,,22.07.20 ,,0.006974
68,-33.3882,115.2426,Fished,2014-12-10,14:07:00,2014-12-10T14:07:00+08:00,Geographe Bay,Geographe Bay,38.9,3,Fished,Special Purpose Zone (Mining Exclusion),NA,Molly,N/A,Yes,No,N/A,,Yes,,20220711,Claude,Lauren,Molly,23,24,R=CUT OUT at 12min,2,,,,,,,R camera finishes at 10mins,,0.006974
69,-33.3534,115.404,Fished,2014-12-11,09:23:00,2014-12-11T09:23:00+08:00,Geographe Bay,Geographe Bay,28.7,1,Fished,Special Purpose Zone (Mining Exclusion),NA,Hayley,Molly,Yes,Yes,Lauren,Molly,Yes,,20200723,Logan Penman & Claude,Lizzy,Hayley,9,10,Y,1,,,,,20220802,,23.07.20,Y,0.006974
70,-33.4159,115.1514,Fished,2014-12-10,10:46:00,2014-12-10T10:46:00+08:00,Geographe Bay,Geographe Bay,41,1,Fished,Special Purpose Zone (Mining Exclusion),NA,Hayley,Molly,Yes,Yes,Lizzy,Molly,Yes,,20200723,Logan Penman & Claude,Lauren,Hayley,9,10,Y,2,,,,,20220802,,23.07.20,Y,0.006974
71,-33.4271,115.4287,Fished,2014-12-13,10:58:00,2014-12-13T10:58:00+08:00,Geographe Bay,Geographe Bay,24.4,3,Fished,Special Purpose Zone (Mining Exclusion),NA,Logan,Molly,Yes,Yes,Damo,Molly,Yes,,20200819,Brooke Gibbons & Claude,Lizzy,Logan,23,24,,5,,,,,20220802,,19.08.20,Y,0.006974
72,-33.4625,115.3224,Fished,2014-12-11,06:07:00,2014-12-11T06:07:00+08:00,Geographe Bay,Geographe Bay,29.4,1,Fished,Special Purpose Zone (Mining Exclusion),NA,Hayley ,Molly,Yes,Yes,Ronen,Molly,Yes,,20200723,Logan Penman & Claude,Lizzy,Hayley ,25,26,Y,2,,,,,20220805,,23.07.20,,0.006974
73,-33.3718,115.1456,Fished,2014-12-10,10:10:00,2014-12-10T10:10:00+08:00,Geographe Bay,Geographe Bay,41.5,1,Fished,Special Purpose Zone (Mining Exclusion),NA,Hayley,Molly,Yes,Yes,Lizzy,Molly,Yes,,20200723,Logan Penman & Claude,Lauren,Hayley,11,12,Y,2,,,,,20220805,,23.07.20,Y,0.006974
75,-33.5893,115.2946,Fished,2014-12-12,08:52:00,2014-12-12T08:52:00+08:00,Geographe Bay,Geographe Bay,16.6,1,Fished,Multiple Use Zone,NA,Hayley,Molly,Yes,No,Lizzy,Molly,Yes,,20200727,Logan Penman & Claude,Lauren,Hayley,21,22,,2,,,,,20220805,,27.07.20,Y,0.006974
76,-33.413,115.2847,Fished,2014-12-11,07:01:00,2014-12-11T07:01:00+08:00,Geographe Bay,Geographe Bay,35.2,1,Fished,Special Purpose Zone (Mining Exclusion),NA,Hayley,Molly,Yes,Yes,Lizzy,Molly,Yes,,20200727,Logan Penman & Claude,Lizzy,Hayley,13,14,Y,2,,,,,20220805,,27.07.20,,0.006974
77,-33.4558,115.1029,Fished,2014-12-09,13:50:00,2014-12-09T13:50:00+08:00,Geographe Bay,Geographe Bay,40.8,1,Fished,Special Purpose Zone (Mining Exclusion),NA,Hayley,Molly,Yes,Yes,Laura,Molly,Yes,,20200727,Logan Penman & Claude,Lauren,Hayley,13,14,Y,1,,,,,20220805,,27.07.20,,0.006974
78,-33.5076,115.4438,Fished,2014-12-13,06:18:00,2014-12-13T06:18:00+08:00,Geographe Bay,Geographe Bay,13.4,2,Fished,Multiple Use Zone,NA,Logan,Molly,Yes,Yes,Lauren,Molly,Yes,,20200713,Brooke Gibbons & Claude,Lauren,Logan,23,24,,4,,,,,20220805,,13.07.20,,0.065466
79,-33.5874,115.2309,Fished,2014-12-12,08:16:00,2014-12-12T08:16:00+08:00,Geographe Bay,Geographe Bay,18.5,1,Fished,Habitat Protection Zone,NA,Hayley,Molly,Yes,Yes,Lizzy,Molly,Yes,,20200727,Logan Penman & Claude,Lauren,Hayley,9,10,,2,,,,,20220805,,27.07.20,Y,0.065466
80,-33.3516,115.5195,Fished,2014-12-11,10:01:00,2014-12-11T10:01:00+08:00,Geographe Bay,Geographe Bay,20.7,1,Fished,NA,NA,Hayley/Molly,,No,No,Laura,N/A,No,No videos,20220705,Claude,Lauren,Hayley/Molly,25,26,N,1,,,,,N/A,"Left and right cams cut out in less than 10 mins, some fish present in this period. Finishes at 8 minutes","28.07.20 - Finishes at 8 minutes, R cam finishes at 37mins",,0.006974
81,-33.3788,115.2305,Fished,2014-12-10,14:18:00,2014-12-10T14:18:00+08:00,Geographe Bay,Geographe Bay,38.9,1,Fished,Special Purpose Zone (Mining Exclusion),NA,Hayley,Molly,Yes,Yes,Tamy,Molly,Yes,,20200728,Logan Penman & Claude,Laura,Hayley,25,26,Y,2,,,,,20220810,come back for pseudo spp,28.07.20, ,0.006974
82,-33.3955,115.1103,Fished,2014-12-10,07:49:00,2014-12-10T07:49:00+08:00,Geographe Bay,Geographe Bay,42.6,1,Fished,Special Purpose Zone (Mining Exclusion),NA,Hayley,Molly,Yes,Yes,Lizzy,Molly,Yes,,20200728,Logan Penman & Claude,laura,Hayley,11,12,Y,1,,,,,20220810,,28.07.20,Y,0.006974
83,-33.4694,115.3791,Fished,2014-12-13,10:26:00,2014-12-13T10:26:00+08:00,Geographe Bay,Geographe Bay,24.6,3,Fished,Special Purpose Zone (Mining Exclusion),NA,Logan,Molly,Yes,No,Damo,Molly,Yes,,20200829,Brooke Gibbons & Claude,Lauren,Logan,5,6,,5,,,,,20220805,,29.08.20,,0.006974
84,-33.3965,115.1924,Fished,2014-12-10,11:28:00,2014-12-10T11:28:00+08:00,Geographe Bay,Geographe Bay,41,1,Fished,Special Purpose Zone (Mining Exclusion),NA,Hayley,Molly,Yes,Yes,Ronen,Molly,Yes,,20200728,Logan Penman & Claude,Lizzy,Hayley,15,16,Y,2,,,,,20220805,Rear fail,28.07.20,,0.006974
86,-33.5405,115.1785,Fished,2014-12-09,07:24:00,2014-12-09T07:24:00+08:00,Geographe Bay,Geographe Bay,28.6,1,Fished,Multiple Use Zone,NA,Hayley,Molly,Yes,Yes,Ronen,Molly,Yes,,20200729,Logan Penman & Claude,Lizzy,Hayley,15,16,Y,2,,,,,20220805,,29.07.20,,0.006974
87,-33.4896,115.4589,Fished,2014-12-13,07:49:00,2014-12-13T07:49:00+08:00,Geographe Bay,Geographe Bay,13,1,Fished,Multiple Use Zone,NA,Hayley,Molly,Yes,Yes,Damo,Molly,Yes,,20200729,Logan Penman & Claude,Lauren,Hayley,25,26,,3,,,,,20220810,,29.07.20,,0.065466
88,-33.5011,115.2145,Fished,2014-12-09,09:45:00,2014-12-09T09:45:00+08:00,Geographe Bay,Geographe Bay,31.4,1,Fished,Multiple Use Zone,NA,Hayley,Molly,Yes,Yes,Lizzy,Molly,Yes,,20200729,Logan Penman & Claude,Laura,Hayley,21,22,Y,1,,,,,20220811,,29.07.20,Y,0.006974
89,-33.3828,115.0564,Fished,2014-12-10,06:58:00,2014-12-10T06:58:00+08:00,Geographe Bay,Geographe Bay,43.9,1,Fished,Special Purpose Zone (Mining Exclusion),NA,Molly,Molly,Yes,Yes,Lizzy,Molly,Yes,,20220705,Claude,Lauren,Molly,21,22,Y,2,,,,,20220810,,,Y,0.006974
90,-33.5333,115.3225,Fished,2014-12-12,10:53:00,2014-12-12T10:53:00+08:00,Geographe Bay,Geographe Bay,22,1,Fished,Multiple Use Zone,NA,Hayley  ,Molly,Yes,No,Damo,Molly,Yes,,20200731,Logan Penman & Claude,Laura,Hayley  ,5,6,,3,,,,,20220810,,31.07.21,,0.006974
91,-33.5396,115.2061,Fished,2014-12-09,06:54:00,2014-12-09T06:54:00+08:00,Geographe Bay,Geographe Bay,29.8,1,Fished,Habitat Protection Zone,NA,Hayley  ,Molly,Yes,Yes,Lizzy,Molly,Yes,,20200802,Logan Penman & Claude,Laura,Hayley  ,11,12,Y,1,,,,,20220810,"""SKIPPERS CHOICE""",2.8.20,Y,0.006974
92,-33.4176,115.315,Fished,2014-12-11,06:43:00,2014-12-11T06:43:00+08:00,Geographe Bay,Geographe Bay,33,1,Fished,Special Purpose Zone (Mining Exclusion),NA,Hayley  ,Molly,Yes,Yes,Lauren,Molly,Yes,,20200803,Logan Penman & Claude,Lauren,Hayley  ,19,20,Y,2,,,,,20220909,,3.8.20,,0.006974
93,-33.4813,115.1528,Fished,2014-12-09,12:59:00,2014-12-09T12:59:00+08:00,Geographe Bay,Geographe Bay,36,3,Fished,Special Purpose Zone (Mining Exclusion),NA,Laura,N/A,Yes,No,N/A,,Yes,,20220708,Claude,Laura,Curtin,17,18,Y,1,,,,,,CAM 17 FLOODED,,,0.006974
95,-33.5175,115.3155,Fished,2014-12-12,10:42:00,2014-12-12T10:42:00+08:00,Geographe Bay,Geographe Bay,24.9,1,Fished,Multiple Use Zone,NA,Hayley ,Molly,Yes,Yes,Laura,Molly,Yes,,20200820,Logan Penman & Claude,Lauren,Hayley ,13,14,,3,,,,,20220810,Leftcam cuts out after ~ 10 mins,2.8.20,,0.006974
96,-33.4489,115.4808,Fished,2014-12-11,13:04:00,2014-12-11T13:04:00+08:00,Geographe Bay,Geographe Bay,15.9,1,Fished,Special Purpose Zone (Mining Exclusion),NA,Hayley ,Molly,Yes,No,Lizzy,Molly,Yes,,20200820,Logan Penman & Claude,Lauren,Hayley ,21,22,Y,1,,,,,20220810,,2.8.20,Y,0.006974
97,-33.3847,115.2927,Fished,2014-12-11,08:43:00,2014-12-11T08:43:00+08:00,Geographe Bay,Geographe Bay,35.6,1,Fished,Special Purpose Zone (Mining Exclusion),NA,Hayley ,Molly,Yes,Yes,Ronen,Molly,Yes,,20200820,Logan Penman & Claude,Lizzy,Hayley ,15,16,Y,2,,,,,20220810,,2.8.20,,0.006974
98,-33.434,115.1727,Fished,2014-12-10,10:56:00,2014-12-10T10:56:00+08:00,Geographe Bay,Geographe Bay,38,3,Fished,Special Purpose Zone (Mining Exclusion),NA,Lizzy,N/A,Yes,No,N/A,,Yes,,20220713,Claude,Lizzy,Curtin,19,20,L=FAIL R=YES,2,,,,,,Leftcam failed ~10s,,,0.006974
101,-33.3886,115.3768,Fished,2014-12-14,06:47:00,2014-12-14T06:47:00+08:00,Geographe Bay,Geographe Bay,16.7,,Fished,Special Purpose Zone (Mining Exclusion),NA,Lizzy,,No,No,Damo,,No,No videos,,No footage,Lizzy,Curtin,17,18,,BH,,,,,,,,,0.006974
100,-33.4325,115.2142,Fished,2014-12-10,11:14:00,2014-12-10T11:14:00+08:00,Geographe Bay,Geographe Bay,36.7,1,Fished,Special Purpose Zone (Mining Exclusion),NA,Molly,N/A,Yes,No,N/A,,Yes,,20220701,Claude,Lauren,Molly,21,22,Y,2,,,,,,Cals bad,,,0.006974
102,-33.5185,115.1196,Fished,2014-12-09,12:39:00,2014-12-09T12:39:00+08:00,Geographe Bay,Geographe Bay,34.4,1,Fished,Multiple Use Zone,NA,Hayley,Molly,Yes,Yes,Laura,Molly,Yes,,20200803,Logan Penman & Claude,Lizzy,Hayley,25,26,Y,1,,,,,20220810,,3.8.20,,0.006974
103,-33.4581,115.4547,Fished,2014-12-11,13:12:00,2014-12-11T13:12:00+08:00,Geographe Bay,Geographe Bay,18.4,1,Fished,Special Purpose Zone (Mining Exclusion),NA,Hayley,Molly,Yes,Yes,Laura,Molly,Yes,,20200803,Logan Penman & Claude,Lauren,Hayley,13,14,Y,1,,,,,20220811,,3.8.20,,0.006974
104,-33.4597,115.2451,Fished,2014-12-09,10:04:00,2014-12-09T10:04:00+08:00,Geographe Bay,Geographe Bay,33.3,1,Fished,Special Purpose Zone (Mining Exclusion),NA,Molly,Lizzy,Yes,No,Lizzy,,Yes,,20220707,Claude,Lauren,Molly,9,10,Y,1,,,,,N/A,"Leftcam cuts out after ~ 20 mins, rightcam analysed instead",4.8.20 - Finishes at 20 mins,Y,0.006974
106,-33.5783,115.3451,Fished,2014-12-12,11:27:00,2014-12-12T11:27:00+08:00,Geographe Bay,Geographe Bay,13.5,2,Fished,Multiple Use Zone,NA,Logan,,No,No,Lauren,,No,Double-up of 104,20200714,Wrong footage analysed,laura,Logan,25,26,,4,,,,,,file is analysed R104,14.07.20,,0.006974
107_old,-33.5833,115.1881,Fished,2014-12-15,08:56:00,2014-12-15T08:56:00+08:00,Geographe Bay,Geographe Bay,20.9,2,Fished,Multiple Use Zone,NA,Logan,,No,No,Laura,,No,Duplicate?,20200715,Brooke Gibbons & Claude,Lizzy,Logan,15,16,,3,,,,,,,15.07.20,,0.006974
107,-33.5833,115.1881,Fished,2014-12-09,09:25:00,2014-12-09T09:25:00+08:00,Geographe Bay,Geographe Bay,29.3,1,Fished,Multiple Use Zone,NA,Molly,N/A,Yes,No,N/A,,Yes,,20220701,Claude,Lauren,Molly,15,16,L=FAIL R=YES,1,,,,,,Rightcam analysed,,,0.006974
108,-33.4691,115.1677,Fished,2014-12-11,06:47:00,2014-12-11T06:47:00+08:00,Geographe Bay,Geographe Bay,34,2,Fished,Special Purpose Zone (Mining Exclusion),NA,Logan,Molly,Yes,Yes,Lauren,Molly,Yes,,20200714,Brooke Gibbons & Claude,laura,Logan,5,6,Y,4,,,,,20220812,come back for pseudo spp,14.07.20,,0.006974
111,-33.5369,115.3219,Fished,2014-12-12,10:55:00,2014-12-12T10:55:00+08:00,Geographe Bay,Geographe Bay,21.9,1,Fished,Multiple Use Zone,NA,Logan ,Molly,Yes,Yes,Damo,Molly,Yes,,20200715,Brooke Gibbons & Claude,Laura,Logan ,19,20,,3,,,,,20220909,,15.07.20,,0.006974
110,-33.4023,115.3557,Fished,2014-12-14,06:37:00,2014-12-14T06:37:00+08:00,Geographe Bay,Geographe Bay,17,,Fished,Special Purpose Zone (Mining Exclusion),NA,,,No,No,N/A,,No,No videos,,,Lauren,,9,10,,BH,,,,,,R FAIL ON ENTRY TO HOUSING,,,0.006974
112,-33.4052,115.5224,Fished,2014-12-11,12:35:00,2014-12-11T12:35:00+08:00,Geographe Bay,Geographe Bay,14.8,1,Fished,Special Purpose Zone (Mining Exclusion),NA,Hayley,Molly,Yes,Yes,Lizzy,Molly,Yes,,20200804,Logan Penman & Claude,Laura,Hayley,17,18,Y,1,,,,,20220812,, 4.8.20,Y,0.006974
113,-33.3658,115.2779,Fished,2014-12-10,13:45:00,2014-12-10T13:45:00+08:00,Geographe Bay,Geographe Bay,36.6,3,Fished,Special Purpose Zone (Mining Exclusion),NA,Laura,Laura,Yes,Yes,Laura,,Yes,,20220705,Claude,Laura,Laura,19,20,left only,1L,,,,,Missing 16 Pseudocaranx spp,no right file,,,0.006974
114,-33.3984,115.1639,Fished,2014-12-10,10:20:00,2014-12-10T10:20:00+08:00,Geographe Bay,Geographe Bay,39.7,3,Fished,Special Purpose Zone (Mining Exclusion),NA,Lizzy,Lizzy,Yes,No,Lizzy,,Yes,,20220705,Claude,Lizzy,Lizzy,23,24,right only,1R,,,,,N/A,,,,0.006974
115,-33.4446,115.4065,Fished,2014-12-13,10:46:00,2014-12-13T10:46:00+08:00,Geographe Bay,Geographe Bay,25.2,1,Fished,Special Purpose Zone (Mining Exclusion),NA,Logan,Molly,Yes,Yes,Damo,Molly,Yes,,20200716,Brooke Gibbons & Claude,Laura,Logan,9,10,,3,,,,,20220812,,16.07.20,Y,0.006974
116,-33.4982,115.2864,Fished,2014-12-09,06:20:00,2014-12-09T06:20:00+08:00,Geographe Bay,Geographe Bay,29.7,1,Fished,Multiple Use Zone,NA,Hayley ,Molly,Yes,Yes,Laura,Molly,Yes,,20200804,Logan Penman & Claude,Laura,Hayley ,5,6,Y,1,,,,,20220812,,4.8.20,,0.006974
119,-33.4388,115.5567,Fished,2014-12-14,11:25:00,2014-12-14T11:25:00+08:00,Geographe Bay,Geographe Bay,5.2,2,Fished,NA,NA,Lizzy,Laura,Yes,No,Laura,,Yes,,,Claude,Lizzy,Curtin,17,18,,3,,,,,,,,,0.006974
122,-33.5375,115.4021,Fished,2014-12-13,05:48:00,2014-12-13T05:48:00+08:00,Geographe Bay,Geographe Bay,13.3,2,Fished,Multiple Use Zone,NA,Logan,Molly,Yes,Yes,Lauren,Molly,Yes,,20200804,Brooke Gibbons & Claude,Lauren,Logan,13,14,,4,,,,,20220812,,4.8.20,,0.065466
135,-33.5019,115.4207,Fished,2014-12-16,12:54:00,2014-12-16T12:54:00+08:00,Geographe Bay,Geographe Bay,15.8,2,Fished,Multiple Use Zone,NA,Logan,Molly,Yes,Yes,Laura,Molly,Yes,,20200804,Brooke Gibbons & Claude,Lauren,Logan,11,12,,3,,,,,20220812,,4.8.20,,0.065466
138,-33.5808,115.1139,Fished,2014-12-15,06:50:00,2014-12-15T06:50:00+08:00,Geographe Bay,Geographe Bay,15,3,Fished,NA,NA,Lauren,Damo,Yes,Yes,Damo,,Yes,,,Not checked,Lauren,Lauren,17,18,,5,,,,,,,,,0.006974
139,-33.6033,115.2737,Fished,2014-12-17,08:29:00,2014-12-17T08:29:00+08:00,Geographe Bay,Geographe Bay,13.4,3,Fished,Multiple Use Zone,NA,Daphne,Molly,Yes,Yes,Damo,Molly,Yes,,20201005,Brooke Gibbons & Claude,Lauren,Daphne,25,26,,5,,,,,20220812,,20201005,Y,0.006974
143,-33.5762,115.2367,Fished,2014-12-15,13:24:00,2014-12-15T13:24:00+08:00,Geographe Bay,Geographe Bay,23.2,2,Fished,Multiple Use Zone,NA,Logan,Molly,Yes,Yes,Laura,Molly,Yes,,20200805,Brooke Gibbons & Claude,Lizzy,Logan,13,14,,3,,,,,20220812,,5.8.20,,0.006974
144,-33.5342,115.4323,Fished,2014-12-16,15:37:00,2014-12-16T15:37:00+08:00,Geographe Bay,Geographe Bay,12.3,2,Fished,NA,NA,Lauren,Laura,Yes,Yes,Laura,,Yes,,,Not checked,Lauren,Lauren,13,14,,3,,,,,,, ,,0.006974
151,-33.4768,115.4329,Fished,2014-12-16,09:12:00,2014-12-16T09:12:00+08:00,Geographe Bay,Geographe Bay,17.2,3,Fished,Special Purpose Zone (Mining Exclusion),NA,Daphne,Molly,Yes,Yes,Damo,Molly,Yes,,20201007,Brooke Gibbons & Claude,Lizzy,Daphne,19,20,,5,,,,,20220913,,20201007,,0.006974
154,-33.6034,115.1968,Fished,2014-12-15,10:58:00,2014-12-15T10:58:00+08:00,Geographe Bay,Geographe Bay,13.6,3,Fished,NA,NA,Lauren,Damo,Yes,Yes,Damo,,Yes,,,Not checked,Lauren,Lauren,23,24,,5,,,,,,,,,0.006974
160,-33.6034,115.2478,Fished,2014-12-16,15:24:00,2014-12-16T15:24:00+08:00,Geographe Bay,Geographe Bay,15.60955715,2,Fished,Multiple Use Zone,NA,Logan,Molly,Yes,No,Damo,Molly,Yes,,20200805,Brooke Gibbons & Claude,Lauren,Logan,19,20,,3,,,,,20220909,depth from GA250 Bathy,5.8.20,,0.006974
167,-33.4627,115.4806,Fished,2014-12-16,09:25:00,2014-12-16T09:25:00+08:00,Geographe Bay,Geographe Bay,14.4,3,Fished,Special Purpose Zone (Mining Exclusion),NA,Logan,Molly,Yes,Yes,Damo,Molly,Yes,,20200829,Brooke Gibbons & Claude,Laura,Logan,21,22,,5,,,,,20220817,,29.08.20,Y,0.006974
170,-33.5417,115.3698,No-take,2014-12-16,13:39:00,2014-12-16T13:39:00+08:00,Geographe Bay,Geographe Bay,15.8,2,No-take,National Park Zone,NA,Logan,Molly,Yes,No,Lauren,Molly,Yes,,20200810,Brooke Gibbons & Claude,Lizzy,Logan,21,22,,4,,,,,20220812,,10.8.20,Y,0.006974
175,-33.5518,115.1228,Fished,2014-12-15,06:34:00,2014-12-15T06:34:00+08:00,Geographe Bay,Geographe Bay,28.5,2,Fished,NA,NA,Lizzy,Lauren,Yes,No,Lauren,,Yes,,,Claude,Lizzy,Curtin,19,20,,4,,,,,,,,,0.006974
176,-33.59,115.1291,Fished,2014-12-15,06:59:00,2014-12-15T06:59:00+08:00,Geographe Bay,Geographe Bay,15.4,2,Fished,NA,NA,Lizzy,,No,No,Laura,,No,Duplicate of 175,,Wrong footage analysed,Lizzy,Curtin,11,12,,3,,,,,,,,,0.006974
183,-33.5688,115.2488,Fished,2014-12-15,13:29:00,2014-12-15T13:29:00+08:00,Geographe Bay,Geographe Bay,22.6,2,Fished,Multiple Use Zone,NA,Logan,Molly,Yes,Yes,Laura,Molly,Yes,,20200716,Brooke Gibbons & Claude,Lizzy,Logan,9,10,,3,,,,,20220817,come back for pseudo spp,16.07.20,Y,0.006974
192,-33.4273,115.5756,Fished,2014-12-14,11:19:00,2014-12-14T11:19:00+08:00,Geographe Bay,Geographe Bay,4.9,2,Fished,NA,NA,Lizzy,Laura,Yes,Yes,Laura,,Yes,,,Claude,Lizzy,Curtin,13,14,,3,,,,,,,,,0.006974
196,-33.5098,115.4045,Fished,2014-12-16,12:49:00,2014-12-16T12:49:00+08:00,Geographe Bay,Geographe Bay,15.9,2,Fished,Multiple Use Zone,NA,Logan,Molly,Yes,Yes,Damo,Molly,Yes,,20200805,Brooke Gibbons & Claude,Lauren,Logan,25,26,,3,,,,,20220817,come back for pseudo spp,5.8.20,,0.006974
199,-33.5975,115.2109,Fished,2014-12-15,10:53:00,2014-12-15T10:53:00+08:00,Geographe Bay,Geographe Bay,15.2,,Fished,NA,NA,Lizzy,Lizzy,Yes,No,Lizzy,,No,No Footage,,No footage,Lizzy,Curtin,17,18,,5R,,,,,,,,,0.006974
202,-33.5779,115.4117,No-take,2014-12-17,06:04:00,2014-12-17T06:04:00+08:00,Geographe Bay,Geographe Bay,9.8,2,No-take,NA,East Geographe Bay Sanctuary Zone,Lauren,Lauren,Yes,Yes,Lauren,,Yes,,,Not checked,Lauren,Lauren,9,10,,4,,,,,,,,,0.006974
207,-33.5738,115.2317,Fished,2014-12-12,08:06:00,2014-12-12T08:06:00+08:00,Geographe Bay,Geographe Bay,23.3,1,Fished,Habitat Protection Zone,NA,Hayley,Molly,Yes,Yes,Tamy,Molly,Yes,,20200804,Logan Penman & Claude,Lizzy,Hayley,11,12,,2,,,,,20220812,,4.8.20,Y,0.065466
208,-33.3873,115.5742,Fished,2014-12-14,11:03:00,2014-12-14T11:03:00+08:00,Geographe Bay,Geographe Bay,7.2,2,Fished,NA,NA,Lizzy,Laura,Yes,Yes,Laura,,Yes,,,Claude,Lizzy,Curtin,19,20,,3,,,,,,,,,0.006974
215,-33.6066,115.2241,Fished,2014-12-15,10:45:00,2014-12-15T10:45:00+08:00,Geographe Bay,Geographe Bay,14.1,,Fished,NA,NA,Lizzy,N/A,Yes,No,N/A,,No,No footage,,No footage,Lizzy,Curtin,9,10,,4R,,,,,,LEFT CAM FAIL,,,0.006974
218,-33.5955,115.3031,Fished,2014-12-17,09:46:00,2014-12-17T09:46:00+08:00,Geographe Bay,Geographe Bay,14.7,3,Fished,NA,NA,Laura,Laura,Yes,Yes,Laura,,Yes,,,Claude,Laura,Curtin,11,12,,5,,,,,,,,,0.006974
224,-33.4189,115.5036,Fished,2014-12-16,06:59:00,2014-12-16T06:59:00+08:00,Geographe Bay,Geographe Bay,16.5,1,Fished,Special Purpose Zone (Mining Exclusion),NA,Hayley,Molly,Yes,Yes,Lizzy,Molly,Yes,,20200804,Logan Penman & Claude,Lauren,Hayley,23,24,,2,,,,,20220812,,4.8.20,Y,0.006974
234,-33.6032,115.3602,Fished,2014-12-17,10:03:00,2014-12-17T10:03:00+08:00,Geographe Bay,Geographe Bay,9.3,3,Fished,NA,NA,Laura,Damo,Yes,Yes,Damo,,Yes,,,Claude,Laura,Curtin,13,14,,5,,,,,,,,,0.006974
236,-33.4949,115.4767,Fished,2014-12-16,10:45:00,2014-12-16T10:45:00+08:00,Geographe Bay,Geographe Bay,13.1,3,Fished,NA,NA,Lauren,Lizzy,Yes,Yes,Lizzy,,Yes,,,Not checked,Lauren,Lauren,21,22,,5,,,,,,,,,0.006974
240,-33.4388,115.4685,Fished,2014-12-16,08:56:00,2014-12-16T08:56:00+08:00,Geographe Bay,Geographe Bay,18.9,3,Fished,Special Purpose Zone (Mining Exclusion),NA,Logan,Molly,Yes,No,Damo,Molly,Yes,,20200824,Brooke Gibbons & Claude,Lizzy,Logan,13,14,,5,,,,,20220812,"UPSIDE DOWN, GOOD",24.08.20,,0.006974
247,-33.5561,115.1345,Fished,2014-12-15,06:30:00,2014-12-15T06:30:00+08:00,Geographe Bay,Geographe Bay,26.4,2,Fished,NA,NA,Lizzy,Lauren,Yes,Yes,Lauren,,Yes,,,Claude,Lizzy,Curtin,15,16,,4,,,,,,,,,0.006974
250,-33.5628,115.4224,No-take,2014-12-16,15:17:00,2014-12-16T15:17:00+08:00,Geographe Bay,Geographe Bay,10,,No-take,NA,East Geographe Bay Sanctuary Zone,Laura,N/A,Yes,No,N/A,,No,No videos,,No footage,Laura,Curtin,5,6,,5R,,,,,,LEFT FAIL,,,0.006974
256,-33.4083,115.4775,Fished,2014-12-14,13:12:00,2014-12-14T13:12:00+08:00,Geographe Bay,Geographe Bay,11.1,3,Fished,Special Purpose Zone (Mining Exclusion),NA,Logan,Molly,Yes,Yes,Damo,Molly,Yes,,20200824,Brooke Gibbons & Claude,Lizzy,Logan,11,12,,5,,,,,20220817,,24.08.20,,0.006974
267,-33.5707,115.1362,Fished,2014-12-15,06:22:00,2014-12-15T06:22:00+08:00,Geographe Bay,Geographe Bay,23.2,2,Fished,NA,NA,Lizzy,Lauren,Yes,Yes,Lauren,,Yes,,,Claude,Lizzy,Curtin,5,6,,4,,,,,,,,,0.006974
270,-33.5205,115.4206,Fished,2014-12-13,06:00:00,2014-12-13T06:00:00+08:00,Geographe Bay,Geographe Bay,13.7,2,Fished,Multiple Use Zone,NA,Logan ,Molly,Yes,Yes,Lauren,Molly,Yes,,20200721,Brooke Gibbons & Claude,Laura,Logan ,5,6,,4,,,,,20220817,,21.07.20,,0.065466
271,-33.5937,115.2133,Fished,2014-12-12,06:06:00,2014-12-12T06:06:00+08:00,Geographe Bay,Geographe Bay,27.3,2,Fished,Habitat Protection Zone,NA,Logan ,Molly,Yes,Yes,Lauren,Molly,Yes,,20200721,Brooke Gibbons & Claude,Laura,Logan ,21,22,,4,,,,,20220817,,21.07.20,Y,0.065466
272,-33.3815,115.4879,Fished,2014-12-14,08:37:00,2014-12-14T08:37:00+08:00,Geographe Bay,Geographe Bay,11.7,3,Fished,Special Purpose Zone (Mining Exclusion),NA,Logan (ends 54:39),Molly,Yes,Yes,Damo,Molly,Yes,,20200824,Brooke Gibbons & Claude,Lizzy,Logan (ends 54:39),25,26,,5,,,,,20220817,,24.08.20,,0.006974
279,-33.5012,115.4379,Fished,2014-12-16,11:32:00,2014-12-16T11:32:00+08:00,Geographe Bay,Geographe Bay,14.2,3,Fished,Multiple Use Zone,NA,Lizzy,N/A,Yes,No,N/A,,Yes,,20220713,Claude,Lizzy,Curtin,25,26,,4,,,,,,LEFT FAIL,,,0.065466
282,-33.5572,115.3322,Fished,2014-12-17,08:02:00,2014-12-17T08:02:00+08:00,Geographe Bay,Geographe Bay,18.2,3,Fished,Multiple Use Zone,NA,Logan,Molly,Yes,Yes,Damo,Molly,Yes,,20200825,Brooke Gibbons & Claude,Laura,Logan,15,16,,5,,,,,20220817,,25.08.20,,0.006974
287,-33.594,115.2189,Fished,2014-12-15,10:50:00,2014-12-15T10:50:00+08:00,Geographe Bay,Geographe Bay,16.4,2,Fished,Habitat Protection Zone,NA,Logan,Molly,Yes,Yes,Lauren,Molly,Yes,,20200727,Brooke Gibbons & Claude,Lizzy,Logan,13,14,,4,,,,,20220817,,27.07.20,,0.006974
288,-33.471,115.4776,Fished,2014-12-16,09:29:00,2014-12-16T09:29:00+08:00,Geographe Bay,Geographe Bay,14.3,3,Fished,Special Purpose Zone (Mining Exclusion),NA,Logan,Molly,Yes,Yes,Damo,Molly,Yes,,20200831,Brooke Gibbons & Claude,Laura,Logan,5,6,,5,,,,,20220817,,31.08.20,,0.006974
295,-33.5555,115.4661,Fished,2014-12-16,15:50:00,2014-12-16T15:50:00+08:00,Geographe Bay,Geographe Bay,2.5,3,Fished,NA,NA,Lauren,Damo,Yes,Yes,Damo,,Yes,,,Not checked,Lauren,Lauren,11,12,,5,,,,,,,,,0.006974
298,-33.5825,115.1301,Fished,2014-12-15,06:56:00,2014-12-15T06:56:00+08:00,Geographe Bay,Geographe Bay,18.1,2,Fished,NA,NA,Lauren,Lauren,Yes,Yes,Lauren,,Yes,,,Not checked,Lauren,Lauren,23,24,,4,,,,,,,,,0.006974
304,-33.5958,115.1454,Fished,2014-12-15,10:17:00,2014-12-15T10:17:00+08:00,Geographe Bay,Geographe Bay,13.7,2,Fished,NA,NA,Lizzy,Lauren,Yes,Yes,Lauren,,Yes,,,Claude,Lizzy,Curtin,5,6,,4,,,,,,,,,0.006974
314,-33.5869,115.1628,Fished,2014-12-15,09:03:00,2014-12-15T09:03:00+08:00,Geographe Bay,Geographe Bay,20,2,Fished,NA,NA,Lizzy,Laura,Yes,Yes,Laura,,Yes,,,Claude,Lizzy,Curtin,5,6,,3,,,,,,,,,0.006974
316,-33.384,115.5282,Fished,2014-12-14,10:49:00,2014-12-14T10:49:00+08:00,Geographe Bay,Geographe Bay,9.3,,Fished,Special Purpose Zone (Mining Exclusion),NA,,,No,No,Lizzy,,No,No videos,,,Lauren,,15,16,,BH,,,,,,,,,0.006974
320,-33.4418,115.4958,Fished,2014-12-16,08:49:00,2014-12-16T08:49:00+08:00,Geographe Bay,Geographe Bay,15.1,3,Fished,Special Purpose Zone (Mining Exclusion),NA,,,No,No,Damo,,No,No videos,,,Lauren,,17,18,,5,,,,,,LANDS FACING UP THEN FALLS GOOD AT 15MINS,,,0.006974
327,-33.4892,115.3942,Fished,2014-12-14,14:10:00,2014-12-14T14:10:00+08:00,Geographe Bay,Geographe Bay,11.8,2,Fished,Multiple Use Zone,NA,Logan,Molly,Yes,Yes,Laura,Molly,Yes,,20200806,Brooke Gibbons & Claude,Damon,Logan,15,16,,3,,,,,20220817,,6.8.20,,0.006974
330,-33.5691,115.104,No-take,2014-12-15,06:44:00,2014-12-15T06:44:00+08:00,Geographe Bay,Geographe Bay,17.7,,No-take,NA,Eagle Bay Sanctuary Zone,Damon,N/A,Yes,No,N/A,,No,No footage,,No footage,Damon,Curtin,13,14,,4,,,,,,Both files are rightcam,,,0.006974
331,-33.6031,115.253,Fished,2014-12-15,13:46:00,2014-12-15T13:46:00+08:00,Geographe Bay,Geographe Bay,14.3,2,Fished,Multiple Use Zone,NA,Logan,Molly,Yes,Yes,Laura,Molly,Yes,,20200722,Brooke Gibbons & Claude,Lizzy,Logan,5,6,,3,,,,,20220817,,22.07.20,,0.006974
335,-33.5771,115.2267,Fished,2014-12-12,08:09:00,2014-12-12T08:09:00+08:00,Geographe Bay,Geographe Bay,21.6,1,Fished,Habitat Protection Zone,NA,Hayley ,Molly,Yes,Yes,Lizzy,Molly,Yes,,20200806,Logan Penman & Claude,Lauren,Hayley ,23,24,,2,,,,,20220817,,6.8.20,Y,0.065466
346,-33.6092,115.2393,Fished,2014-12-15,13:08:00,2014-12-15T13:08:00+08:00,Geographe Bay,Geographe Bay,14,2,Fished,NA,NA,Lizzy,Laura,Yes,Yes,Laura,,Yes,,,Claude,Lizzy,Curtin,11,12,,3,,,,,,,,,0.006974
352,-33.4518,115.488,Fished,2014-12-16,08:45:00,2014-12-16T08:45:00+08:00,Geographe Bay,Geographe Bay,15.2,3,Fished,Special Purpose Zone (Mining Exclusion),NA,Daphne,Molly,Yes,Yes,Damo,Molly,Yes,,20201007,Brooke Gibbons & Claude,Lizzy,Daphne,23,24,,5,,,,,20220817,,20201007,Y,0.006974
362,-33.627,115.2948,Fished,2014-12-17,10:23:00,2014-12-17T10:23:00+08:00,Geographe Bay,Geographe Bay,9.4,3,Fished,NA,NA,Laura,Damo,Yes,Yes,Damo,,Yes,,,Claude,Laura,Curtin,19,20,,5,,,,,,,,,0.006974
368,-33.5725,115.4513,Fished,2014-12-16,15:59:00,2014-12-16T15:59:00+08:00,Geographe Bay,Geographe Bay,3.7,3,Fished,NA,NA,Laura,Damo,Yes,Yes,Damo,,Yes,,,Claude,Laura,Curtin,25,26,,5,,,,,,,,,0.006974
375,-33.5902,115.2206,Fished,2014-12-12,06:14:00,2014-12-12T06:14:00+08:00,Geographe Bay,Geographe Bay,26.9,2,Fished,Habitat Protection Zone,NA,Logan,Molly,Yes,No,Lauren,Molly,Yes,,20200818,Brooke Gibbons & Claude,Laura,Logan,19,20,,4,,,,,20220909,REAR FAIL,18.08.20,,0.006974
378,-33.5556,115.3912,No-take,2014-12-12,13:08:00,2014-12-12T13:08:00+08:00,Geographe Bay,Geographe Bay,13.3,2,No-take,National Park Zone,NA,Logan,Molly,Yes,Yes,Damo,Molly,Yes,,20200726,Brooke Gibbons & Claude,Lauren,Logan,11,12,,3 (L) R (4),,,,,20220818,,26.07.20,Y,0.065466
384,-33.4275,115.5142,Fished,2014-12-16,06:54:00,2014-12-16T06:54:00+08:00,Geographe Bay,Geographe Bay,13.5,1,Fished,Special Purpose Zone (Mining Exclusion),NA,Hayley,Molly,Yes,Yes,Ronen,Molly,Yes,,20200806,Logan Penman & Claude,Lauren,Hayley,17,18,,2,,,,,20220818,,6.8.20,Y,0.006974
391,-33.5017,115.4101,Fished,2014-12-13,08:23:00,2014-12-13T08:23:00+08:00,Geographe Bay,Geographe Bay,17,2,Fished,Multiple Use Zone,NA,Logan,Molly,Yes,Yes,Laura,Molly,Yes,,20200727,Brooke Gibbons & Claude,Lizzy,Logan,21,22,,3,,,,,20220818,Rear cam failed,27.07.20,Y,0.065466
394,-33.5181,115.382,Fished,2014-12-16,13:18:00,2014-12-16T13:18:00+08:00,Geographe Bay,Geographe Bay,19,2,Fished,Multiple Use Zone,NA,Logan,Molly,Yes,Yes,Lauren,Molly,Yes,,20200806,Brooke Gibbons & Claude,Lizzy,Logan,9,10,,4,,,,,20220818,,6.8.20,Y,0.006974
395,-33.6073,115.3444,Fished,2014-12-17,10:08:00,2014-12-17T10:08:00+08:00,Geographe Bay,Geographe Bay,9.2,3,Fished,NA,NA,Laura,Damo,Yes,Yes,Damo,,Yes,,,Claude,Laura,Curtin,9,10,,5,,,,,,,,,0.006974
399,-33.6143,115.313,Fished,2014-12-17,10:17:00,2014-12-17T10:17:00+08:00,Geographe Bay,Geographe Bay,10.8,3,Fished,NA,NA,Laura,Damo,Yes,Yes,Damo,,Yes,,,Claude,Laura,Curtin,15,16,,5,,,,,,,,,0.006974
400,-33.3576,115.5517,Fished,2014-12-14,08:58:00,2014-12-14T08:58:00+08:00,Geographe Bay,Geographe Bay,9.8,2,Fished,Special Purpose Zone (Mining Exclusion),NA,Logan,Molly,Yes,No,Laura,Molly,Yes,,20200723,Brooke Gibbons & Claude,Damon,Logan,13,14,,3,,,,,20220818,,23.07.20,,0.006974
407,-33.4882,115.4275,Fished,2014-12-13,08:13:00,2014-12-13T08:13:00+08:00,Geographe Bay,Geographe Bay,16.2,2,Fished,Multiple Use Zone,NA,Logan,Molly,Yes,Yes,Laura,Molly,Yes,,20200807,Brooke Gibbons & Claude,Lauren,Logan,19,20,,3,,,,,20220909,,7.8.20,,0.065466
416,-33.6148,115.2806,Fished,2014-12-17,10:34:00,2014-12-17T10:34:00+08:00,Geographe Bay,Geographe Bay,12.3,3,Fished,NA,NA,Laura,Damo,Yes,Yes,Damo,,Yes,,,Claude,Laura,Curtin,5,6,,5,,,,,,,,,0.006974
428,-33.4505,115.5572,Fished,2014-12-16,06:31:00,2014-12-16T06:31:00+08:00,Geographe Bay,Geographe Bay,7.6,1,Fished,NA,NA,Lauren,Lizzy,Yes,Yes,Lizzy,,Yes,,,Not checked,Lauren,Lauren,15,16,,2,,,,,,,,,0.006974
432,-33.427,115.4686,Fished,2014-12-14,13:19:00,2014-12-14T13:19:00+08:00,Geographe Bay,Geographe Bay,10.7,,Fished,Special Purpose Zone (Mining Exclusion),NA,,,No,No,Damo,,No,No videos,,,Lauren,,23,24,,BH,,,,,,,,,0.006974
439,-33.6309,115.2731,Fished,2014-12-17,10:29:00,2014-12-17T10:29:00+08:00,Geographe Bay,Geographe Bay,8.4,3,Fished,NA,NA,Laura,Damo,Yes,Yes,Damo,,Yes,,,Claude,Laura,Curtin,21,22,,5,,,,,,,,,0.006974
442,-33.5066,115.4194,Fished,2014-12-12,13:28:00,2014-12-12T13:28:00+08:00,Geographe Bay,Geographe Bay,14.3,1,Fished,Multiple Use Zone,NA,Lizzy,Lauren,Yes,Yes,Lauren,,Yes,,20220707,Claude,Lizzy,Lizzy,19,20,,2,,,,,20220707,"UPSIDE DOWN, GOOD",,,0.065466
443,-33.5698,115.2025,Fished,2014-12-12,06:34:00,2014-12-12T06:34:00+08:00,Geographe Bay,Geographe Bay,27,2,Fished,Habitat Protection Zone,NA,Logan,Molly,Yes,Yes,Lauren,Molly,Yes,,20200727,Brooke Gibbons & Claude,Laura,Logan,11,12,,4,,,,,20220818,,27.07.20,Y,0.065466
448,-33.3965,115.4931,Fished,2014-12-14,13:05:00,2014-12-14T13:05:00+08:00,Geographe Bay,Geographe Bay,10.6,3,Fished,Special Purpose Zone (Mining Exclusion),NA,Daphne,Molly,Yes,Yes,Damo,Molly,Yes,,20201014,Claude,Lizzy,Daphne,25,26,,5,,,,,20220818,"renamed file, was called 488",20201014,,0.006974
451,-33.4198,115.5529,Fished,2014-12-14,11:32:00,2014-12-14T11:32:00+08:00,Geographe Bay,Geographe Bay,7.8,3,Fished,NA,NA,Lauren,Damo,Yes,Yes,Damo,,Yes,,,Not checked,Lauren,Lauren,23,24,,5,,,,,,,,,0.006974
455,-33.5671,115.182,Fished,2014-12-15,08:42:00,2014-12-15T08:42:00+08:00,Geographe Bay,Geographe Bay,24.9,2,Fished,Multiple Use Zone,NA,Logan,Molly,Yes,Yes,Lauren,Molly,Yes,,20200727,Brooke Gibbons & Claude,Lizzy,Logan,13,14,,4,,,,,20220909,no sync point,27.07.20,,0.006974
458,-33.5151,115.5044,Fished,2014-12-16,10:58:00,2014-12-16T10:58:00+08:00,Geographe Bay,Geographe Bay,6.2,,Fished,NA,NA,Lizzy,Damo,Yes,No,Damo,,No,No videos,,No footage,Lizzy,Curtin,19,20,,BH,,,,,,Tiger,,,0.006974
463,-33.5151,115.5044,Fished,2014-12-12,08:03:00,2014-12-12T08:03:00+08:00,Geographe Bay,Geographe Bay,24.3,1,Fished,NA,NA,Lizzy,Tamy,Yes,Yes,Tamy,,Yes,,,Claude,Lizzy,Curtin,25,26,,2,,,,,,,,,0.065466
474,-33.4681,115.5436,Fished,2014-12-16,06:23:00,2014-12-16T06:23:00+08:00,Geographe Bay,Geographe Bay,6.8,1,Fished,NA,NA,Laura,Lizzy,Yes,Yes,Lizzy,,Yes,,,Claude,Laura,Curtin,21,22,,2,,,,,,Rear fail,,,0.006974
480,-33.3476,115.5777,Fished,2014-12-14,09:06:00,2014-12-14T09:06:00+08:00,Geographe Bay,Geographe Bay,7.4,2,Fished,NA,NA,Laura,N/A,Yes,No,N/A,,Yes,,,Claude,Laura,Curtin,9,10,,3L,,,,,,left only,,,0.006974
490,-33.5613,115.3612,Fished,2014-12-17,06:20:00,2014-12-17T06:20:00+08:00,Geographe Bay,Geographe Bay,13.4,2,Fished,Multiple Use Zone,NA,Logan,Molly,Yes,Yes,Lauren,Molly,Yes,,20200806,Brooke Gibbons & Claude,Lizzy,Logan,19,20,,4,,,,,20220921,,6.8.20,,0.006974
492,-33.4638,115.4975,Fished,2014-12-16,08:40:00,2014-12-16T08:40:00+08:00,Geographe Bay,Geographe Bay,14.7,3,Fished,NA,NA,Laura,Damo,Yes,Yes,Damo,,Yes,,,Claude,Laura,Curtin,11,12,,5,,,,,,"UPSIDE DOWN, GOOD",,,0.006974
496,-33.4851,115.4752,Fished,2014-12-16,10:42:00,2014-12-16T10:42:00+08:00,Geographe Bay,Geographe Bay,15.3,,Fished,NA,NA,Lauren,Lizzy,Yes,Yes,Lizzy,,No,No videos,,Not checked,Lauren,Lauren,5,6,,BH,,,,,,,,,0.006974
499,-33.4517,115.5441,Fished,2014-12-16,06:36:00,2014-12-16T06:36:00+08:00,Geographe Bay,Geographe Bay,9.9,1,Fished,NA,NA,Lauren,Tamy,Yes,Yes,Tamy,,Yes,,,Not checked,Lauren,Lauren,19,20,,2,,,,,,,,,0.006974
503,-33.5845,115.3098,Fished,2014-12-17,07:48:00,2014-12-17T07:48:00+08:00,Geographe Bay,Geographe Bay,16.3,3,Fished,Multiple Use Zone,NA,Daphne (finishes at 55:48),Molly,Yes,Yes,Damo,Molly,Yes,,20201019,Claude,Lizzy,Daphne (finishes at 55:48),5,6,,5,,,,,20220818,,20201019,,0.006974
506,-33.5174,115.4165,Fished,2014-12-16,11:23:00,2014-12-16T11:23:00+08:00,Geographe Bay,Geographe Bay,14.1,2,Fished,Multiple Use Zone,NA,Logan ,Molly,Yes,Yes,Lauren,Molly,Yes,,20200806,Brooke Gibbons & Claude,Lizzy,Logan ,23,24,,4,,,,,20220818,,10.8.20,Y,0.065466
512,-33.5094,115.4873,Fished,2014-12-16,11:03:00,2014-12-16T11:03:00+08:00,Geographe Bay,Geographe Bay,10.6,2,Fished,NA,NA,Lizzy,Laura,Yes,Yes,Laura,,Yes,,,Claude,Lizzy,Curtin,9,10,,3R 4L,,,,,,,,,0.006974
523,-33.5634,115.1589,Fished,2014-12-15,08:35:00,2014-12-15T08:35:00+08:00,Geographe Bay,Geographe Bay,26,2,Fished,Multiple Use Zone,NA,Logan,Molly,Yes,Yes,Lauren,Molly,Yes,,20200729,Brooke Gibbons & Claude,Laura,Logan,17,18,,4,,,,,20220818,,29.07.20,Y,0.006974
527,-33.5894,115.2078,Fished,2014-12-12,06:16:00,2014-12-12T06:16:00+08:00,Geographe Bay,Geographe Bay,26.8,2,Fished,Habitat Protection Zone,NA,Logan,Molly,Yes,Yes,Lauren,Molly,Yes,,20200806,Brooke Gibbons & Claude,laura,Logan,9,10,,4,,,,,20220818,,6.8.20,Y,0.065466
528,-33.4811,115.4971,Fished,2014-12-16,08:34:00,2014-12-16T08:34:00+08:00,Geographe Bay,Geographe Bay,14,2,Fished,NA,NA,Lauren,Lauren,Yes,Yes,Lauren,,Yes,,,Not checked,Lauren,Lauren,25,26,,,,,,,,,,,0.006974
538,-33.5839,115.3847,Fished,2014-12-17,05:53:00,2014-12-17T05:53:00+08:00,Geographe Bay,Geographe Bay,11.6,2,Fished,NA,NA,Laura,Lauren,Yes,Yes,Lauren,,Yes,,,Claude,Laura,Curtin,17,18,,4,,,,,,,,,0.006974
543,-33.595,115.2434,Fished,2014-12-15,13:13:00,2014-12-15T13:13:00+08:00,Geographe Bay,Geographe Bay,16.7,,Fished,Multiple Use Zone,NA,,,No,No,Laura,,No,No videos,,,Lauren,,23,24,,BH,,,,,,,,,0.006974
544,-33.4464,115.4341,Fished,2014-12-14,13:36:00,2014-12-14T13:36:00+08:00,Geographe Bay,Geographe Bay,12.3,3,Fished,Special Purpose Zone (Mining Exclusion),NA,Daphne,Molly,Yes,Yes,Damo,Molly,Yes,,20201028,Claude,Lauren,Daphne,13,14,,5,,,,,20220818,LANDED SIDE STILL GOOD,20201028,,0.006974
551,-33.5735,115.3901,No-take,2014-12-17,05:58:00,2014-12-17T05:58:00+08:00,Geographe Bay,Geographe Bay,11.7,,No-take,NA,East Geographe Bay Sanctuary Zone,Lizzy,N/A,Yes,No,N/A,,No,No videos,,No footage,Lizzy,Curtin,13,14,,4,,,,,,RIGHT CAM FAIL,,,0.006974
554,-33.5577,115.3835,No-take,2014-12-17,06:13:00,2014-12-17T06:13:00+08:00,Geographe Bay,Geographe Bay,12.3,3,No-take,National Park Zone,NA,Logan ,Molly,Yes,Yes,Damo,Molly,Yes,,20200825,Brooke Gibbons & Claude,Laura,Logan ,15,16,,5,,,,,20220818,,25.08.20,,0.006974
560,-33.4382,115.5269,Fished,2014-12-16,06:49:00,2014-12-16T06:49:00+08:00,Geographe Bay,Geographe Bay,14.6,1,Fished,NA,NA,Lauren,Lizzy,Yes,Yes,Lizzy,,Yes,,,Not checked,Lauren,Lauren,13,14,,2,,,,,,,,,0.006974
567,-33.5867,115.276,Fished,2014-12-17,08:23:00,2014-12-17T08:23:00+08:00,Geographe Bay,Geographe Bay,17.4,3,Fished,Multiple Use Zone,NA,Lizzy,Damo,Yes,No,Damo,,Yes,,20220705,Claude,Lizzy,Lizzy,11,12,,5,,,,,N/A,Left can short analyse right,,Y,0.006974
570,-33.5731,115.1625,Fished,2014-12-15,08:31:00,2014-12-15T08:31:00+08:00,Geographe Bay,Geographe Bay,24.6,,Fished,Multiple Use Zone,NA,,,No,No,Lizzy,,No,No videos,,,Lauren,,23,24,,BH,,,,,,,,,0.006974
572,-33.3913,115.5492,Fished,2014-12-14,10:54:00,2014-12-14T10:54:00+08:00,Geographe Bay,Geographe Bay,8.1,,Fished,NA,NA,Lauren,Lizzy,Yes,No,Lizzy,,No,No videos,,Not checked,Lauren,Lauren,21,22,,BH,,,,,,,,,0.006974
579,-33.5017,115.3741,Fished,2014-12-16,13:10:00,2014-12-16T13:10:00+08:00,Geographe Bay,Geographe Bay,22,3,Fished,Multiple Use Zone,NA,Daphne,Molly,Yes,No,Damo,Molly,Yes,,20201028,Claude,Laura,Daphne,17,18,,5,,,,,20220818,,20201028,Y,0.006974
583,-33.4784,115.3932,Fished,2014-12-14,13:55:00,2014-12-14T13:55:00+08:00,Geographe Bay,Geographe Bay,12,2,Fished,Special Purpose Zone (Mining Exclusion),NA,Logan,Molly,Yes,Yes,Laura,Molly,Yes,"Right video only 16 minutes, cannot get lengths for some target species",20200723,Brooke Gibbons & Claude,Damon,Logan,5,6,,3,,,,,20220824,BIG RAY NICE GROUND - R cam failed after 15min,23.07.20,,0.006974
586,-33.5309,115.386,No-take,2014-12-16,13:24:00,2014-12-16T13:24:00+08:00,Geographe Bay,Geographe Bay,15.8,3,No-take,National Park Zone,NA,Lizzy,N/A,Yes,No,N/A,,Yes,,20220713,Claude,Lizzy,Curtin,19,20,Right = Fail,4L,,,,,,,,,0.006974
587,-33.5935,115.1874,Fished,2014-12-15,11:03:00,2014-12-15T11:03:00+08:00,Geographe Bay,Geographe Bay,16.6,3,Fished,NA,NA,Lizzy,Damo,Yes,Yes,Damo,,Yes,,,Claude,Lizzy,Curtin,11,12,,5,,,,,,,,,0.006974
592,-33.5185,115.446,Fished,2014-12-16,11:15:00,2014-12-16T11:15:00+08:00,Geographe Bay,Geographe Bay,12.3,3,Fished,NA,NA,Laura,Laura,Yes,Yes,Laura,,Yes,,,Claude,Laura,Curtin,17,18,right video on CON2,3R 5L,,,,,,,,,0.006974
599,-33.5021,115.4508,Fished,2014-12-13,06:22:00,2014-12-13T06:22:00+08:00,Geographe Bay,Geographe Bay,13.9,2,Fished,Multiple Use Zone,NA,Logan,Molly,Yes,Yes,Lauren,Molly,Yes,,20200807,Brooke Gibbons & Claude,Laura,Logan,11,12,,4,,,,,20220824,,7.8.20,Y,0.065466
602,-33.6202,115.2562,Fished,2014-12-15,12:57:00,2014-12-15T12:57:00+08:00,Geographe Bay,Geographe Bay,11.2,,Fished,NA,NA,Lauren,Damo,Yes,Yes,Damo,,No,No videos,,Not checked,Lauren,Lauren,25,26,,BH,,,,,,,,,0.006974
608,-33.4552,115.4703,Fished,2014-12-16,09:01:00,2014-12-16T09:01:00+08:00,Geographe Bay,Geographe Bay,16.7,3,Fished,Special Purpose Zone (Mining Exclusion),NA,Daphne,Molly,Yes,Yes,Damo,Molly,Yes,,20201102,Claude,Lauren,Daphne,9,10,,5,,,,,20220824,,20201102,Y,0.006974
611,-33.5421,115.459,Fished,2014-12-16,15:45:00,2014-12-16T15:45:00+08:00,Geographe Bay,Geographe Bay,8.2,3,Fished,NA,NA,Laura,Damo,Yes,Yes,Damo,,Yes,,,Claude,Laura,Curtin,23,24,,5,,,,,,,,,0.006974
615,-33.5981,115.3328,Fished,2014-12-17,09:56:00,2014-12-17T09:56:00+08:00,Geographe Bay,Geographe Bay,11.8,2,Fished,NA,NA,Lauren,Lauren,Yes,Yes,Lauren,,Yes,,,Not checked,Lauren,Lauren,17,18,,4,,,,,,,,,0.006974
618,-33.5679,115.3528,Fished,2014-12-17,05:40:00,2014-12-17T05:40:00+08:00,Geographe Bay,Geographe Bay,14.5,3,Fished,Multiple Use Zone,NA,Lizzy,N/A,Yes,No,N/A,,Yes,,20220713,Claude,Lizzy,Curtin,25,26,R CAM fail,5,,,,,,,,,0.006974
623,-33.6129,115.1556,Fished,2014-12-15,10:24:00,2014-12-15T10:24:00+08:00,Geographe Bay,Geographe Bay,7.8,2,Fished,NA,NA,Lizzy,Lauren,Yes,Yes,Lauren,,Yes,,,Claude,Lizzy,Curtin,21,22,,4,,,,,,,,,0.006974
624,-33.421,115.4919,Fished,2014-12-16,07:03:00,2014-12-16T07:03:00+08:00,Geographe Bay,Geographe Bay,17.5,1,Fished,Special Purpose Zone (Mining Exclusion),NA,Hayley ,Molly,Yes,No,Lauren,Molly,Yes,,20200806,Logan Penman & Claude,Lizzy,Hayley ,11,12,,2,,,,,20220824,,6.8.20,Y,0.006974
631,-33.5779,115.2541,Fished,2014-12-15,13:33:00,2014-12-15T13:33:00+08:00,Geographe Bay,Geographe Bay,21,,Fished,Multiple Use Zone,NA,,,No,No,Lizzy,,No,No videos,,,Lauren,,19,20,,BH,,,,,,,,,0.006974
633,-33.4712,115.4535,Fished,2014-12-16,09:18:00,2014-12-16T09:18:00+08:00,Geographe Bay,Geographe Bay,16.2,3,Fished,Special Purpose Zone (Mining Exclusion),NA,Daphne,Molly,Yes,Yes,Damo,Molly,Yes,,20201001,Brooke Gibbons & Claude,Lauren,Daphne,15,16,,5,,,,,20220824,,20201001,,0.006974
634,-33.5337,115.4141,Fished,2014-12-16,15:30:00,2014-12-16T15:30:00+08:00,Geographe Bay,Geographe Bay,13,3,Fished,Multiple Use Zone,NA,Logan,Molly,Yes,Yes,Damo,Molly,Yes,,20200825,Brooke Gibbons & Claude,Laura,Logan,15,16,,5,,,,,20220824,,25.08.20,,0.065466
635,-33.581,115.1996,Fished,2014-12-15,08:52:00,2014-12-15T08:52:00+08:00,Geographe Bay,Geographe Bay,21.2,,Fished,Multiple Use Zone,NA,,,No,No,Damo,,No,No videos,,,Lauren,,19,20,,BH,,,,,,,,,0.006974
640,-33.5162,115.4646,Fished,2014-12-16,11:10:00,2014-12-16T11:10:00+08:00,Geographe Bay,Geographe Bay,11.5,2,Fished,NA,NA,Lizard,Lauren,Yes,Yes,Lauren,,Yes,,,Claude,Lizard,Curtin,13,14,,4,,,,,,,,,0.006974
647,-33.4926,115.4247,Fished,2014-12-13,08:17:00,2014-12-13T08:17:00+08:00,Geographe Bay,Geographe Bay,15.3,2,Fished,Multiple Use Zone,NA,Logan,Molly,Yes,Yes,Laura,Molly,Yes,,20200730,Brooke Gibbons & Claude,Lauren,Logan,5,6,,3,,,,,20220824,,30.07.20,,0.065466
655,-33.5812,115.2457,Fished,2014-12-15,13:20:00,2014-12-15T13:20:00+08:00,Geographe Bay,Geographe Bay,20.5,,Fished,Multiple Use Zone,NA,,,No,No,Lizzy,,No,No videos,,,Lauren,,17,18,,BH,,,,,,,,,0.006974
650,-33.5131,115.3716,Fished,2014-12-16,13:14:00,2014-12-16T13:14:00+08:00,Geographe Bay,Geographe Bay,21.1,3,Fished,Multiple Use Zone,NA,Lizzy,N/A,Yes,No,N/A,,Yes,Period only 51 minutes long,20220713,Claude,Lizzy,Curtin,13,14,,4,,,,,,RIGHT FAIL,,,0.006974
656,-33.3713,115.5504,Fished,2014-12-14,09:28:00,2014-12-14T09:28:00+08:00,Geographe Bay,Geographe Bay,9,2,Fished,Special Purpose Zone (Mining Exclusion),NA,Molly,N/A,Yes,No,N/A,,Yes,,20220705,Claude,Lauren,Molly,15,16,,3,,,,,,R FAIL ON ENTRY TO HOUSING,,,0.006974
666,-33.5511,115.3572,No-take,2014-12-17,06:25:00,2014-12-17T06:25:00+08:00,Geographe Bay,Geographe Bay,15.6,3,No-take,National Park Zone,NA,Logan,Molly,Yes,Yes,Damo,Molly,Yes,,20200826,Brooke Gibbons & Claude,Lizzy,Logan,21,22,,5,,,,,20220824,,26.08.20,Y,0.006974
679,-33.4721,115.4153,Fished,2014-12-14,13:48:00,2014-12-14T13:48:00+08:00,Geographe Bay,Geographe Bay,12,,Fished,Special Purpose Zone (Mining Exclusion),NA,,,No,No,Damo,,No,No videos,,,Lauren,,19,20,,BH,,,,,,R=ONLY 18MIN,,,0.006974
672,-33.4004,115.5357,Fished,2014-12-14,11:45:00,2014-12-14T11:45:00+08:00,Geographe Bay,Geographe Bay,8.4,2,Fished,Special Purpose Zone (Mining Exclusion),NA,Molly,N/A,Yes,No,N/A,,Yes,,20220705,Claude,Lauren,Molly,25,26,,3,,,,,,L CUTS OUT @ 7MIN,,,0.006974
682,-33.5696,115.3354,Fished,2014-12-17,07:57:00,2014-12-17T07:57:00+08:00,Geographe Bay,Geographe Bay,15.2,3,Fished,Multiple Use Zone,NA,Logan,Molly,Yes,Yes,Lizzy,Molly,Yes,,20200825,Brooke Gibbons & Claude,Damon,Logan,19,20,,5,,,,,20220909,,25.08.20,,0.006974
684,-33.5845,115.1735,Fished,2014-12-15,09:00:00,2014-12-15T09:00:00+08:00,Geographe Bay,Geographe Bay,20.6,,Fished,Multiple Use Zone,NA,Lizzy,Damo,Yes,No,Damo,,No,No videos,,Needs checking - no footage,Lizzy,Curtin,21,22,,BH,,,,,,,,,0.006974
688,-33.6026,115.3181,Fished,2014-12-17,09:52:00,2014-12-17T09:52:00+08:00,Geographe Bay,Geographe Bay,12.8,2,Fished,NA,NA,Laura,Lauren,Yes,Yes,Lauren,,Yes,,,Claude,Laura,Curtin,23,24,,4,,,,,,,,,0.006974
694,-33.5281,115.3499,Fished,2014-12-16,13:32:00,2014-12-16T13:32:00+08:00,Geographe Bay,Geographe Bay,21.3,2,Fished,Multiple Use Zone,NA,Logan,Molly,Yes,Yes,Lauren,Molly,Yes,,20200807,Brooke Gibbons & Claude,Lizzy,Logan,15,16,,4,,,,,20220826,,7.8.20,,0.006974
698,-33.5246,115.4035,Fished,2014-12-12,13:25:00,2014-12-12T13:25:00+08:00,Geographe Bay,Geographe Bay,14,1,Fished,Multiple Use Zone,NA,Hayley ,Molly,Yes,Yes,Lauren,Molly,Yes,,20200806,Logan Penman & Claude,Lizzy,Hayley ,9,10,,2L 4R,,,,,20220824,,6.8.20,Y,0.065466
704,-33.4848,115.5324,Fished,2014-12-16,06:15:00,2014-12-16T06:15:00+08:00,Geographe Bay,Geographe Bay,7.45,1,Fished,NA,NA,Lizzy,Lauren,Yes,Yes,Lauren,,Yes,,,Claude,Lizzy,Curtin,5,6,,2,,,,,,,,,0.006974
711,-33.3695,115.5666,Fished,2014-12-14,09:24:00,2014-12-14T09:24:00+08:00,Geographe Bay,Geographe Bay,8.4,2,Fished,NA,NA,Laura,Damo,Yes,Yes,Damo,,Yes,,,Claude,Laura,Curtin,21,22,,3,,,,,,,,,0.006974
714,-33.5793,115.1468,Fished,2014-12-15,08:26:00,2014-12-15T08:26:00+08:00,Geographe Bay,Geographe Bay,21.1,,Fished,NA,NA,Lauren,Lizzy,Yes,Yes,Lizzy,,No,No videos,,Not checked,Lauren,Lauren,11,12,,BH,,,,,,,,,0.006974
719,-33.601,115.2325,Fished,2014-12-12,05:59:00,2014-12-12T05:59:00+08:00,Geographe Bay,Geographe Bay,26.3,2,Fished,Habitat Protection Zone,NA,Logan,Molly,Yes,No,Lauren,Molly,Yes,,20200810,Brooke Gibbons & Claude,Laura,Logan,13,14,,4,,,,,20220909,no sync point,10.8.20,,0.065466
720,-33.3599,115.5835,Fished,2014-12-14,09:11:00,2014-12-14T09:11:00+08:00,Geographe Bay,Geographe Bay,8.2,2,Fished,NA,NA,Laura,Laura,Yes,Yes,Laura,,Yes,,,Claude,Laura,Curtin,19,20,,3,,,,,,UPSIDE DOWN STILL GOOD,,,0.006974
735,-33.562,115.1433,Fished,2014-12-15,06:27:00,2014-12-15T06:27:00+08:00,Geographe Bay,Geographe Bay,26.7,3,Fished,NA,NA,Lauren,Damo,Yes,Yes,Damo,,Yes,,,Not checked,Lauren,Lauren,21,22,,5,,,,,,,,,0.006974
736,-33.3851,115.5606,Fished,2014-12-14,10:59:00,2014-12-14T10:59:00+08:00,Geographe Bay,Geographe Bay,8.2,,Fished,NA,NA,Lauren,Lizzy,Yes,Yes,Lizzy,,No,No videos,,Not checked,Lauren,Lauren,5,6,,BH,,,,,,,,,0.006974
746,-33.5794,115.3571,Fished,2014-12-17,05:45:00,2014-12-17T05:45:00+08:00,Geographe Bay,Geographe Bay,13.2,3,Fished,Multiple Use Zone,NA,Logan,Molly,Yes,No,Lizzy,Molly,Yes,,20200825,Brooke Gibbons & Claude,Damon,Logan,11,12,,5,,,,,20220824,,25.08.20,Y,0.006974
748,-33.3696,115.5138,Fished,2014-12-14,08:46:00,2014-12-14T08:46:00+08:00,Geographe Bay,Geographe Bay,11.1,2,Fished,Special Purpose Zone (Mining Exclusion),NA,Logan,Molly,Yes,Yes,Laura,Molly,Yes,,20200730,Brooke Gibbons & Claude,Lizzy,Logan,23,24,,3,,,,,20220824,same file ,30.07.20,Y,0.006974
752,-33.3766,115.5914,Fished,2014-12-14,09:15:00,2014-12-14T09:15:00+08:00,Geographe Bay,Geographe Bay,6.2,2,Fished,NA,NA,Damon,Laura,Yes,Yes,Laura,,Yes,,,Claude,Damon,Curtin,5,6,,3,,,,,,,,,0.006974
755,-33.4339,115.4571,Fished,2014-12-14,13:27:00,2014-12-14T13:27:00+08:00,Geographe Bay,Geographe Bay,11.3,,Fished,Special Purpose Zone (Mining Exclusion),NA,,,No,No,Lizzy,,No,No videos,,,Lauren,,17,18,,BH,,,,,,,,,0.006974
759,-33.5759,115.3173,Fished,2014-12-17,07:52:00,2014-12-17T07:52:00+08:00,Geographe Bay,Geographe Bay,17.3,3,Fished,Multiple Use Zone,NA,Daphne (finishes at 59:18),,No,No,Damo,Molly,No,No videos,20201102,Wrong footage analysed,Lauren,Daphne (finishes at 59:18),21,22,,5,,,,,20220824,same file,20201102,Y,0.006974
762,-33.5199,115.4149,Fished,2014-12-12,13:44:00,2014-12-12T13:44:00+08:00,Geographe Bay,Geographe Bay,13,3,Fished,Multiple Use Zone,NA,laura,N/A,Yes,No,N/A,,Yes,,20220713,Claude,laura,Curtin,13,14,,4L,,,,,,"UPSIDE DOWN, RIGHT CAM FAIL",,,0.065466
764,-33.3744,115.4961,Fished,2014-12-14,08:43:00,2014-12-14T08:43:00+08:00,Geographe Bay,Geographe Bay,11.6,2,Fished,Special Purpose Zone (Mining Exclusion),NA,Logan,Molly,Yes,Yes,Laura,Molly,Yes,,20200728,Brooke Gibbons & Claude,Lauren,Logan,11,12,,3,,,,,20220824,,28.07.20,Y,0.006974
779,-33.5817,115.2264,Fished,2014-12-17,08:11:00,2014-12-17T08:11:00+08:00,Geographe Bay,Geographe Bay,19,3,Fished,Habitat Protection Zone,NA,Lizzy,N/A,Yes,No,N/A,,Yes,,20220713,Claude,Lizzy,Curtin,13,14,,5,,,,,,"RIGHT CAM FAIL, CAM 14 SWAPPED OUT",,,0.006974
782,-33.5142,115.4368,Fished,2014-12-13,06:06:00,2014-12-13T06:06:00+08:00,Geographe Bay,Geographe Bay,13.7,2,Fished,Multiple Use Zone,NA,Logan,Molly,Yes,Yes,Lauren,Molly,Yes,,20200728,Brooke Gibbons & Claude,Laura,Logan,19,20,,4,,,,,20220909,,28.07.20,,0.065466
783,-33.5817,115.2264,Fished,2014-12-12,08:12:00,2014-12-12T08:12:00+08:00,Geographe Bay,Geographe Bay,21.5,1,Fished,Habitat Protection Zone,NA,Hayley,Molly,Yes,Yes,Ronen,Molly,Yes,,20200808,Logan Penman & Claude,Lauren,Hayley,17,18,,2,,,,,20220826,,8.8.20,Y,0.065466
784,-33.6014,115.1774,Fished,2014-12-15,11:07:00,2014-12-15T11:07:00+08:00,Geographe Bay,Geographe Bay,13.4,3,Fished,NA,NA,Laura,Lizzy,Yes,Yes,Lizzy,,Yes,,,Claude,Laura,Curtin,25,26,,5,,,,,,,,,0.006974
791,-33.4851,115.4435,Fished,2014-12-13,08:03:00,2014-12-13T08:03:00+08:00,Geographe Bay,Geographe Bay,15,2,Fished,Multiple Use Zone,NA,Logan,Molly,Yes,No,Laura,Molly,Yes,,20200811,Brooke Gibbons & Claude,Lizzy,Logan,17,18,,"3R, 4L",,,,,20220826,,11.08.20,Y,0.065466
794,-33.6248,115.2039,No-take,2014-12-15,10:38:00,2014-12-15T10:38:00+08:00,Geographe Bay,Geographe Bay,7.4,3,No-take,NA,Central Geographe Bay Sanctuary Zone,Lizzy,Damo,Yes,Yes,Damo,,Yes,,,Claude,Lizzy,Curtin,19,20,,5,,,,,,,,,0.006974
800,-33.5732,115.1935,Fished,2014-12-15,08:48:00,2014-12-15T08:48:00+08:00,Geographe Bay,Geographe Bay,22.9,3,Fished,Multiple Use Zone,NA,Logan,Molly,Yes,No,Damo,Molly,Yes,,20200826,Brooke Gibbons & Claude,Laura,Logan,9,10,,5,,,,,20220906,,26.08.20,Y,0.006974
807,-33.494,115.4907,Fished,2014-12-16,10:50:00,2014-12-16T10:50:00+08:00,Geographe Bay,Geographe Bay,14,2,Fished,NA,NA,Lizzy,Laura,Yes,Yes,Laura,,Yes,,,Claude,Lizzy,Curtin,15,16,,3R 4L,,,,,,,,,0.006974
810,-33.5513,115.3766,No-take,2014-12-16,13:44:00,2014-12-16T13:44:00+08:00,Geographe Bay,Geographe Bay,14.3,2,No-take,National Park Zone,NA,Logan,Molly,Yes,Yes,Lauren,Molly,Yes,Left video only 57 minutes long,20200729,Brooke Gibbons & Claude,Lizzy,Logan,5,6,,4,,,,,20220826,Finishes at 55 minutes,29.07.20 - Finishes at 55 minutes,,0.006974
816,-33.3996,115.5633,Fished,2014-12-14,11:09:00,2014-12-14T11:09:00+08:00,Geographe Bay,Geographe Bay,7.9,3,Fished,NA,NA,Lizzy,Damo,Yes,Yes,Damo,,Yes,,,Claude,Lizzy,Curtin,9,10,,5,,,,,,,,,0.006974
823,-33.5857,115.2872,Fished,2014-12-17,08:19:00,2014-12-17T08:19:00+08:00,Geographe Bay,Geographe Bay,16.2,3,Fished,Multiple Use Zone,NA,Lizzy,Laura,Yes,No,Laura,,Yes,,20220705,Claude,Lizzy,Lizzy,23,24,left only,5,,,,,20220705,,,,0.006974
826,-33.5427,115.4006,No-take,2014-12-13,05:45:00,2014-12-13T05:45:00+08:00,Geographe Bay,Geographe Bay,12.8,2,No-take,National Park Zone,NA,Logan,Molly,Yes,Yes,Lauren,Molly,Yes,,20200807,Brooke Gibbons & Claude,Lizzy,Logan,15,16,,4,,,,,20220913,Rightcam fogs at ~20 mins and clears up again at ~50 mins,7.8.20,,0.065466
828,-33.4175,115.5296,Fished,2014-12-14,11:38:00,2014-12-14T11:38:00+08:00,Geographe Bay,Geographe Bay,7.6,2,Fished,NA,NA,Lauren,Laura,Yes,Yes,Laura,,Yes,,,Not checked,Lauren,Lauren,11,12,,3,,,,,,,,,0.006974
832,-33.4556,115.5197,Fished,2014-12-16,06:43:00,2014-12-16T06:43:00+08:00,Geographe Bay,Geographe Bay,12.6,1,Fished,NA,NA,Lizzy,Lauren,Yes,Yes,Lauren,,Yes,,,Claude,Lizzy,Curtin,9,10,,2,,,,,,,,,0.006974
839,-33.4873,115.4085,Fished,2014-12-16,13:00:00,2014-12-16T13:00:00+08:00,Geographe Bay,Geographe Bay,20,3,Fished,Multiple Use Zone,NA,Daphne,Molly,Yes,No,Damo,Molly,Yes,,20201102,Claude,Laura,Daphne,23,24,,5,,,,,20220826,,20201102,Y,0.006974
842,-33.5681,115.1149,Fished,2014-12-15,06:40:00,2014-12-15T06:40:00+08:00,Geographe Bay,Geographe Bay,22.3,3,Fished,NA,NA,Lizzy,Damo,Yes,Yes,Damo,,Yes,,,Claude,Lizzy,Curtin,9,10,,5,,,,,,,,,0.006974
843,-33.6,115.2586,Fished,2014-12-15,13:43:00,2014-12-15T13:43:00+08:00,Geographe Bay,Geographe Bay,14.6,,Fished,Multiple Use Zone,NA,Damon,Lizzy,Yes,Yes,Lizzy,,No,No videos,,Needs checking - no footage,Damon,Curtin,21,22,,BH,,,,,,,,,0.006974
848,-33.3519,115.5323,Fished,2014-12-14,08:53:00,2014-12-14T08:53:00+08:00,Geographe Bay,Geographe Bay,10.4,2,Fished,Special Purpose Zone (Mining Exclusion),NA,Logan,Molly,Yes,Yes,Lauren,Molly,Yes,,20200729,Brooke Gibbons & Claude,Lauren,Logan,17,18,,4,,,,,20220826,,29.07.20,Y,0.006974
855,-33.4901,115.4358,Fished,2014-12-13,08:09:00,2014-12-13T08:09:00+08:00,Geographe Bay,Geographe Bay,15.2,2,Fished,Multiple Use Zone,NA,Logan,Molly,Yes,Yes,Laura,Molly,Yes,,20200804,Brooke Gibbons & Claude,Lauren,Logan,9,10,,3,,,,,20220913,no sync point,4.08.20,Y,0.065466
858,-33.5573,115.3462,Fished,2014-12-17,06:29:00,2014-12-17T06:29:00+08:00,Geographe Bay,Geographe Bay,16.6,3,Fished,Multiple Use Zone,NA,Logan,Molly,Yes,Yes,Damo,Molly,Yes,,20200826,Brooke Gibbons & Claude,Damon,Logan,5,6,,5,,,,,20220830,,26.08.20,,0.006974
864,-33.5833,115.3721,Fished,2014-12-17,05:50:00,2014-12-17T05:50:00+08:00,Geographe Bay,Geographe Bay,12.4,3,Fished,NA,NA,Laura,Damo,Yes,Yes,Damo,,Yes,,,Claude,Laura,Curtin,23,24,,5,,,,,,,,,0.006974
879,-33.6169,115.1829,Fished,2014-12-15,10:31:00,2014-12-15T10:31:00+08:00,Geographe Bay,Geographe Bay,8.1,3,Fished,NA,NA,Laura,Done,Yes,Yes,Done,,Yes,,,Claude,Laura,Curtin,15,16,,5,,,,,,,,,0.006974
880,-33.5366,115.4444,Fished,2014-12-16,15:41:00,2014-12-16T15:41:00+08:00,Geographe Bay,Geographe Bay,10.9,3,Fished,NA,NA,Laura,Done,Yes,Yes,Done,,Yes,,,Claude,Laura,Curtin,17,18,,5,,,,,,,,,0.006974
1038,-33.5333,115.42,Fished,2014-12-16,15:33:00,2014-12-16T15:33:00+08:00,Geographe Bay,Geographe Bay,13.9,3,Fished,Multiple Use Zone,NA,Daphne,Molly,Yes,Yes,Damo,Molly,Yes,,20201104,Claude,Laura,Daphne,9,10,,5,,,,,20220826,,20201104,Y,0.065466
1108,-33.558,115.4144,No-take,2014-12-16,15:20:00,2014-12-16T15:20:00+08:00,Geographe Bay,Geographe Bay,11.9,3,No-take,NA,East Geographe Bay Sanctuary Zone,Laura,Done,Yes,Yes,Done,,Yes,,,Claude,Laura,Curtin,21,22,,5,,,,,,,,,0.006974
10000,-33.4136,115.3646,Fished,2014-12-14,06:27:00,2014-12-14T06:27:00+08:00,Geographe Bay,Geographe Bay,16.4,,Fished,Special Purpose Zone (Mining Exclusion),NA,,,No,No,Lizzy,,No,No videos,,,Lauren,,5,6,,BH,,,,,,,,,0.006974
10001,-33.4217,115.3722,Fished,2014-12-14,06:17:00,2014-12-14T06:17:00+08:00,Geographe Bay,Geographe Bay,15.9,2,Fished,Special Purpose Zone (Mining Exclusion),NA,Logan,Molly,Yes,Yes,Damo,Molly,Yes,,20200808,Brooke Gibbons & Claude,Lauren,Logan,13,14,,4,,,,,20220830,,8.8.20,Y,0.006974
10002,-33.4234,115.3889,Fished,2014-12-14,06:13:00,2014-12-14T06:13:00+08:00,Geographe Bay,Geographe Bay,15.4,,Fished,Special Purpose Zone (Mining Exclusion),NA,,,No,No,Damo,,No,No videos,,,Lauren,,15,16,,BH,,,,,,,,,0.006974
10004,-33.4039,115.3976,Fished,2014-12-14,07:03:00,2014-12-14T07:03:00+08:00,Geographe Bay,Geographe Bay,15.3,,Fished,Special Purpose Zone (Mining Exclusion),NA,,,No,No,Lizzy,,No,No videos,,,Lauren,,25,26,,BH,,,,,,,,,0.006974
10003,-33.4213,115.3594,Fished,2014-12-14,06:23:00,2014-12-14T06:23:00+08:00,Geographe Bay,Geographe Bay,16.5,3,Fished,Special Purpose Zone (Mining Exclusion),NA,Molly,N/A,Yes,No,N/A,,Yes,,20220707,Claude,Lauren,Molly,21,22,,5,,,,,,right fail,,,0.006974
10005_old,-33.4778,115.3694,Fished,2014-12-13,10:21:00,2014-12-13T10:21:00+08:00,Geographe Bay,Geographe Bay,24.6,3,Fished,Special Purpose Zone (Mining Exclusion),NA,Curtin,,No,No,Done,Curtin,No,No videos,20220713,Claude,Laura,Curtin,21,22,,5,,,,,20220713,duplicated opcode - just use the later one,,,0.006974
10005,-33.4778,115.3694,Fished,2014-12-14,14:03:00,2014-12-14T14:03:00+08:00,Geographe Bay,Geographe Bay,13.7,3,Fished,Special Purpose Zone (Mining Exclusion),NA,Laura,Laura,Yes,Yes,Laura,,Yes,,20220705,Claude,Laura,Laura,21,22,,5,,,,,20220705,,,,0.006974
11R1,-33.3589,115.3694,Fished,2014-12-11,09:09:00,2014-12-11T09:09:00+08:00,Geographe Bay,Geographe Bay,30.4,,Fished,Special Purpose Zone (Mining Exclusion),NA,Lizzy,,No,No,Lauren,,No,No videos,,,Lizzy,Curtin,5,6,Y,1,,,,,,no footage or emob,,,NA
11R2,-33.3967,115.5076,Fished,2014-12-11,12:26:00,2014-12-11T12:26:00+08:00,Geographe Bay,Geographe Bay,18.6,1,Fished,Special Purpose Zone (Mining Exclusion),NA,Brooke,Molly,Yes,Yes,Lauren,Molly,Yes,,20200827,Logan Penman & Claude,Lizzy,Brooke,11,12,Y,2,,,,,20220826,,20200827,Y,NA
11R3,-33.4122,115.5205,Fished,2014-12-11,12:40:00,2014-12-11T12:40:00+08:00,Geographe Bay,Geographe Bay,14.7,1,Fished,Special Purpose Zone (Mining Exclusion),NA,Brooke,Molly,Yes,Yes,Laura,Molly,Yes,,20200827,Logan Penman & Claude,Lauren,Brooke,9,10,Y,1,,,,,20220830,,20200827,Y,NA
11R4,-33.4197,115.5176,Fished,2014-12-11,12:48:00,2014-12-11T12:48:00+08:00,Geographe Bay,Geographe Bay,14.5,1,Fished,Special Purpose Zone (Mining Exclusion),NA,Brooke,Molly,Yes,Yes,Lizzy,Molly,Yes,,20200828,Logan Penman & Claude,Lauren,Brooke,19,20,Y,1,,,,,20220909,UPSIDE DOWN,20200828,,NA
12RC1,-33.5932,115.2133,Fished,2014-12-12,06:09:00,2014-12-12T06:09:00+08:00,Geographe Bay,Geographe Bay,26.5,2,Fished,Habitat Protection Zone,NA,Logan,Molly,Yes,Yes,Lauren,Molly,Yes,,20200808,Brooke Gibbons & Claude,Laura,Logan,5,6,,4,,,,,20220830,,8.8.20,,NA
12RC2,-33.5916,115.2379,Fished,2014-12-12,08:23:00,2014-12-12T08:23:00+08:00,Geographe Bay,Geographe Bay,17.6,1,Fished,Multiple Use Zone,NA,Daphne,Molly,Yes,Yes,Lauren,Molly,Yes,,20200910,Brooke Gibbons & Claude,Lauren,Daphne,19,20,,2,,,,,20220921,,20200910,,NA
12RC3,-33.5915,115.2415,Fished,2014-12-12,08:32:00,2014-12-12T08:32:00+08:00,Geographe Bay,Geographe Bay,17.9,1,Fished,Multiple Use Zone,NA,Daphne,Molly,Yes,Yes,Lizzy,Molly,Yes,,20201111,Claude,Lauren,Daphne,5,6,,2,,,,,20220830,,20201111,,NA
12RC5,-33.5621,115.3443,Fished,2014-12-12,11:16:00,2014-12-12T11:16:00+08:00,Geographe Bay,Geographe Bay,14.2,1,Fished,Multiple Use Zone,NA,Daphne,Molly,Yes,Yes,Lauren,Molly,Yes,,20201001,Brooke Gibbons & Claude,Lizzy,Daphne,23,24,,1,,,,,20220906,,20201001,Y,NA
12RC6,-33.5711,115.3481,Fished,2014-12-12,11:22:00,2014-12-12T11:22:00+08:00,Geographe Bay,Geographe Bay,14.7,2,Fished,Multiple Use Zone,NA,Logan,Molly,Yes,Yes,Laura,Molly,Yes,,20200818,Brooke Gibbons & Claude,laura,Logan,11,12,,4L,,,,,20220906,,18.08.20,,NA
12RC7,-33.5118,115.4179,Fished,2014-12-12,13:38:00,2014-12-12T13:38:00+08:00,Geographe Bay,Geographe Bay,15.2,2,Fished,Multiple Use Zone,NA,Logan,Molly,Yes,Yes,Lauren,Molly,Yes,,20200819,Brooke Gibbons & Claude,laura,Logan,5,6,,4,,,,,20220830,,19.08.20,Y,NA
12RC8,-33.5149,115.4182,Fished,2014-12-12,13:41:00,2014-12-12T13:41:00+08:00,Geographe Bay,Geographe Bay,14.1,2,Fished,Multiple Use Zone,NA,Logan,Molly,Yes,Yes,Lauren,Molly,Yes,,20200804,Brooke Gibbons & Claude,laura,Logan,21,22,,4,,,,,20220830,,4.08.20,Y,NA
12RC9,-33.5162,115.4064,Fished,2014-12-12,13:48:00,2014-12-12T13:48:00+08:00,Geographe Bay,Geographe Bay,14.5,2,Fished,Multiple Use Zone,NA,Molly,Molly,Yes,Yes,Laura,Molly,Yes,,20220707,,Lauren,Molly,15,16,,3R 4L,,,,,20220830,,,,NA
13RC1,-33.506,115.4308,Fished,2014-12-13,06:11:00,2014-12-13T06:11:00+08:00,Geographe Bay,Geographe Bay,13.8,2,Fished,Multiple Use Zone,NA,Logan,Molly,Yes,Yes,Damo,Molly,Yes,,20200817,Brooke Gibbons & Claude,Lauren,Logan,9,10,,3,,,,,20220906,,17.08.20,Y,NA
13RC11,-33.374,115.3693,Fished,2014-12-13,13:23:00,2014-12-13T13:23:00+08:00,Geographe Bay,Geographe Bay,31,2,Fished,Special Purpose Zone (Mining Exclusion),NA,Logan,Molly,Yes,Yes,Damo,Molly,Yes,,20200716,Brooke Gibbons & Claude,Laura,Logan,19,20,,3,,,,,20220921,,16.07.20,,NA
13RC12,-33.3744,115.3668,Fished,2014-12-13,13:25:00,2014-12-13T13:25:00+08:00,Geographe Bay,Geographe Bay,31.3,2,Fished,Special Purpose Zone (Mining Exclusion),NA,Logan,Molly,Yes,Yes,Laura,Molly,Yes,,20200817,Brooke Gibbons & Claude,Laura,Logan,5,6,,3,,,,,20220913,"R vid cuts out at 8 min-could not measure all, no sync point",17.08.20,,NA
13RC13,-33.3755,115.3631,Fished,2014-12-13,13:31:00,2014-12-13T13:31:00+08:00,Geographe Bay,Geographe Bay,31.1,3,Fished,Special Purpose Zone (Mining Exclusion),NA,Lizzy,Molly,Yes,Yes,Damo,Molly,Yes,,20220705,Claude,Lizzy,Lizzy,21,22,,5,,,,,20220830,,,Y,NA
13RC15,-33.3768,115.3559,Fished,2014-12-13,13:39:00,2014-12-13T13:39:00+08:00,Geographe Bay,Geographe Bay,32.5,2,Fished,Special Purpose Zone (Mining Exclusion),NA,Logan,Molly,Yes,Yes,Lizzy,Molly,Yes,,20200817,Brooke Gibbons & Claude,Laura,Logan,15,16,,3,,,,,20220906,Cuts out at 47minutes,17.08.20,,NA
13RC2,-33.4949,115.456,Fished,2014-12-13,06:27:00,2014-12-13T06:27:00+08:00,Geographe Bay,Geographe Bay,13.4,2,Fished,Multiple Use Zone,NA,Lizzy,,No,No,Damo,,No,No videos,,,Lizzy,,25,26,,3,,,,,,(opcode sheet says: 87),,,NA
13RC3,-33.4839,115.4516,Fished,2014-12-13,08:00:00,2014-12-13T08:00:00+08:00,Geographe Bay,Geographe Bay,13.6,2,Fished,Multiple Use Zone,NA,(opcode sheet says: 791),,No,No,Laura,,No,No videos,,,Lauren,(opcode sheet says: 791),23,24,,3,,,,,,,,,NA
13RC4,-33.4994,115.3965,Fished,2014-12-13,08:30:00,2014-12-13T08:30:00+08:00,Geographe Bay,Geographe Bay,19.5,2,Fished,Multiple Use Zone,NA,Logan,Molly,Yes,Yes,Laura,Molly,Yes,,20200818,Brooke Gibbons & Claude,Lizzy,Logan,13,14,,3,,,,,20220830,,18.08.20,Y,NA
13RC5,-33.4839,115.4656,Fished,2014-12-13,10:05:00,2014-12-13T10:05:00+08:00,Geographe Bay,Geographe Bay,26.8,3,Fished,Multiple Use Zone,NA,Daphne,Molly,Yes,Yes,Damo,Molly,Yes,,20201104,Claude,Lizzy,Daphne,15,16,,5,,,,,20220906,,20201104,,NA
13RC6,-33.381,115.3892,Fished,2014-12-13,13:07:00,2014-12-13T13:07:00+08:00,Geographe Bay,Geographe Bay,29.7,2,Fished,Special Purpose Zone (Mining Exclusion),NA,Logan,Molly,Yes,Yes,Laura,Molly,Yes,,20200826,Brooke Gibbons & Claude,Lauren,Logan,15,16,,3L,,,,,20220906,,26.08.20,,NA
13RC7,-33.3774,115.3861,Fished,2014-12-13,13:10:00,2014-12-13T13:10:00+08:00,Geographe Bay,Geographe Bay,29.5,3,Fished,Special Purpose Zone (Mining Exclusion),NA,Daphne,Molly,Yes,Yes,Damo,Molly,Yes,,20201104,Claude,Lizzy,Daphne,11,12,,5,,,,,20220906,,20201104,Y,NA
13RC8,-33.3726,115.3791,Fished,2014-12-13,13:14:00,2014-12-13T13:14:00+08:00,Geographe Bay,Geographe Bay,30.4,2,Fished,Special Purpose Zone (Mining Exclusion),NA,Logan,Molly,Yes,Yes,Laura,Molly,Yes,,20200813,Brooke Gibbons & Claude,Lizzy,Logan,23,24,,3,,,,,20220906,,13.8.20,Y,NA
13RC9,-33.3731,115.3748,Fished,2014-12-13,13:18:00,2014-12-13T13:18:00+08:00,Geographe Bay,Geographe Bay,30.9,2,Fished,Special Purpose Zone (Mining Exclusion),NA,Logan,Molly,Yes,Yes,Laura,Molly,Yes,,20200817,Brooke Gibbons & Claude,Lauren,Logan,17,18,,3L,,,,,20220906,,17.08.20,Y,NA
GBR-BOB,-33.5924,115.2206,Fished,2014-12-17,12:23,2014-12-17T12:23+08:00,Geographe Bay,Geographe Bay,16.7,3,Fished,Habitat Protection Zone,NA,Lizzy,Lizzy,Yes,Yes,Lizzy,,Yes,,20220507,Claude,Lizzy,Lizzy,25,26,,5,,,,,20220705,,,,NA
GBR1-1,-33.5936,115.1963,Fished,2014-12-17,12:02,2014-12-17T12:02+08:00,Geographe Bay,Geographe Bay,17.3,2,Fished,NA,NA,Laura,Lauren,Yes,Yes,Lauren,,Yes,,,Claude,Laura,Curtin,5,6,,4,,,,,,,,,NA
GBR1-2,-33.5936,115.1995,Fished,2014-12-17,12:05,2014-12-17T12:05+08:00,Geographe Bay,Geographe Bay,16,2,Fished,Multiple Use Zone,NA,Logan,Molly,Yes,Yes,Lauren,Molly,Yes,,20200811,Brooke Gibbons & Claude,Lizzy,Logan,21,22,,4,,,,,20220906,,11.8.20,Y,NA
GBR1-3,-33.5938,115.2023,Fished,2014-12-17,12:07,2014-12-17T12:07+08:00,Geographe Bay,Geographe Bay,15.8,2,Fished,Habitat Protection Zone,NA,Logan ,Molly,Yes,Yes,Lauren,Molly,Yes,,20200811,Brooke Gibbons & Claude,Damon,Logan ,19,20,,4,,,,,20220909,,11.8.20,,NA
GBR1-4,-33.5935,115.2055,Fished,2014-12-17,12:09,2014-12-17T12:09+08:00,Geographe Bay,Geographe Bay,16.8,2,Fished,Habitat Protection Zone,NA,Logan,Molly,Yes,Yes,Lauren,Molly,Yes,,20200812,Brooke Gibbons & Claude,Lauren,Logan,15,16,,4,,,,,20220906,,12.8.20,,NA
GBR2-1,-33.5938,115.1907,Fished,2014-12-17,13:40,2014-12-17T13:40+08:00,Geographe Bay,Geographe Bay,17.7,1,Fished,NA,NA,Laura,Lizzy,Yes,Yes,Lizzy,,Yes,,,Claude,Laura,Curtin,11,12,,2,,,,,,,,,NA
GBR2-2,-33.594,115.1884,Fished,2014-12-17,13:42,2014-12-17T13:42+08:00,Geographe Bay,Geographe Bay,16.2,1,Fished,NA,NA,Laura,Lauren,Yes,Yes,Lauren,,Yes,,,Claude,Laura,Curtin,23,24,,2,,,,,,,,,NA
GBR2-3,-33.5941,115.1865,Fished,2014-12-17,13:44,2014-12-17T13:44+08:00,Geographe Bay,Geographe Bay,16.4,1,Fished,NA,NA,Lauren,Ronen,Yes,Yes,Ronen,,Yes,,,Not checked,Lauren,Lauren,17,18,,2,,,,,,,,,NA
GBR2-4,-33.5937,115.193,Fished,2014-12-17,13:38,2014-12-17T13:38+08:00,Geographe Bay,Geographe Bay,16.2,1,Fished,NA,NA,Lizzy,N/A,Yes,No,N/A,,Yes,,,Claude,Lizzy,Curtin,25,26,,2,,,,,,Right cam didn't record?,,,NA
GBR3-1,-33.5945,115.1819,Fished,2014-12-17,13:53,2014-12-17T13:53+08:00,Geographe Bay,Geographe Bay,17.6,1,Fished,NA,NA,Lauren,Lizzy,Yes,Yes,Lizzy,,Yes,,,Not checked,Lauren,Lauren,19,20,,2,,,,,,,,,NA
GBR3-2,-33.5937,115.193,Fished,2014-12-17,13:30,2014-12-17T13:30+08:00,Geographe Bay,Geographe Bay,17.9,,Fished,NA,NA,Lauren,N/A,Yes,No,N/A,,No,No videos,,Not checked,Lauren,,15,16,,2,,,,,,Rightcam cuts out 1 min,,,NA
GBR3-3,-33.5937,115.184,Fished,2014-12-17,13:47,2014-12-17T13:47+08:00,Geographe Bay,Geographe Bay,17,1,Fished,NA,NA,Lizzy,Lizzy,Yes,Yes,Lizzy,,Yes,,,Claude,Lizzy,Curtin,9,10,,2,,,,,,,,,NA
GBR3-4,-33.5939,115.1851,Fished,2014-12-17,13:46,2014-12-17T13:46+08:00,Geographe Bay,Geographe Bay,16.6,1,Fished,NA,NA,Lauren,Lizzy,Yes,Yes,Lizzy,,Yes,,,Not checked,Lauren,Lauren,13,14,,2,,,,,,,,,NA
GBR4-1,-33.5933,115.2081,Fished,2014-12-17,12:11,2014-12-17T12:11+08:00,Geographe Bay,Geographe Bay,16.1,2,Fished,Habitat Protection Zone,NA,Logan,Molly,Yes,Yes,Lauren,Molly,Yes,,20200812,Brooke Gibbons & Claude,Damon,Logan,9,10,,4,,,,,20220906,,12.8.20,Y,NA
GBR4-2,-33.5928,115.2102,Fished,2014-12-17,12:13,2014-12-17T12:13+08:00,Geographe Bay,Geographe Bay,16.3,1,Fished,Habitat Protection Zone,NA,Hayley,Molly,Yes,Yes,Lauren,Molly,Yes,,20200808,Logan Penman & Claude,Lauren,Hayley,13,14,,2,,,,,20220906,,8.8.20,Y,NA
GBR5-1,-33.5932,115.2119,Fished,2014-12-17,12:15,2014-12-17T12:15+08:00,Geographe Bay,Geographe Bay,16.2,1,Fished,Habitat Protection Zone,NA,Hayley,Molly,Yes,Yes,Ronen,Molly,Yes,,20200811,Logan Penman & Claude,Laura,Hayley,17,18,,2,,,,,20220906,,11.8.20,Y,NA
GBR5-2,-33.5927,115.2148,Fished,2014-12-17,12:17,2014-12-17T12:17+08:00,Geographe Bay,Geographe Bay,16.6,1,Fished,Habitat Protection Zone,NA,Hayley,Molly,Yes,Yes,Lizzy,Molly,Yes,,20200808,Logan Penman & Claude,Laura,Hayley,23,24,,2,,,,,20220906,,8.8.20,Y,NA
GBR5-3,-33.5924,115.2175,Fished,2014-12-17,12:19,2014-12-17T12:19+08:00,Geographe Bay,Geographe Bay,16.4,2,Fished,Habitat Protection Zone,NA,Logan ,Molly,Yes,No,Lauren,Molly,Yes,,20200813,Brooke Gibbons & Claude,Lizzy,Logan ,11,12,,4,,,,,20220906,Rightcam cuts out at 52 mins - M. australis not measured,13.8.20,Y,NA
RB1,-33.5346,115.2177,Fished,2014-12-09,06:49,2014-12-09T06:49+08:00,Geographe Bay,Geographe Bay,28,1,Fished,Multiple Use Zone,NA,Hayley ,Molly,Yes,Yes,Laura,Molly,Yes,,20200811,Logan Penman & Claude,Lizzy,Hayley ,25,26,Y,1,,,,,20220906,BLACK HOUSING,11.8.20,,NA
RB2,-33.5086,115.2255,Fished,2014-12-09,09:39,2014-12-09T09:39+08:00,Geographe Bay,Geographe Bay,30,1,Fished,Multiple Use Zone,NA,Hayley ,Molly,Yes,Yes,Laura,Molly,Yes,,20200811,Logan Penman & Claude,Lizzy,Hayley ,13,14,Y,1,,,,,20220906,L CARD 83 DODGY,11.8.20,,NA
RC1,-33.4628,115.24,Fished,2014-12-09,10:09,2014-12-09T10:09+08:00,Geographe Bay,Geographe Bay,34.2,1,Fished,Special Purpose Zone (Mining Exclusion),NA,Hayley ,Molly,Yes,Yes,Lizzy,Molly,Yes,,20200812,Logan Penman & Claude,Laura,Hayley ,17,18,Y,1,,,,,20220921,,12.8.20,,NA
RC2,-33.4864,115.178,Fished,2014-12-09,10:34,2014-12-09T10:34+08:00,Geographe Bay,Geographe Bay,34.3,1,Fished,Multiple Use Zone,NA,Hayley ,Molly,Yes,Yes,Lauren,Molly,Yes,,20200812,Logan Penman & Claude,Lizzy,Hayley ,11,12,Y,1,,,,,20220906,,12.8.20,Y,NA
RC3,-33.4705,115.1684,Fished,2014-12-09,13:11,2014-12-09T13:11+08:00,Geographe Bay,Geographe Bay,35,1,Fished,Special Purpose Zone (Mining Exclusion),NA,Hayley ,Molly,Yes,Yes,Lizzy,Molly,Yes,,20200812,Logan Penman & Claude,Lauren,Hayley ,5,6,Y,1,,,,,20220906,,12.8.20,,NA