campaignid,period,status,longitude_dd,latitude_dd,observer_count,observer_length,date_time,location,site,depth_m,successful_count,successful_length,successful_habitat_panoramic,successful_habitat_downward,observer_habitat_panoramic,observer_habitat_downward
2021-03_Geographe_BOSS,51,NA,115.2134,-33.587,Claude,NA,2021-03-02T12:06:04:00+08:00,Geographe,NA,24.5,Y,NA,NA,NA,NA,NA
2021-03_Geographe_BOSS,53,NA,115.2197,-33.5992,Claude,NA,2021-03-02T13:17:54:00+08:00,Geographe,NA,16.4,Y,NA,NA,NA,NA,NA
2021-03_Geographe_BOSS,54,NA,115.2115,-33.5772,Claude,NA,2021-03-02T11:34:49:00+08:00,Geographe,NA,23.1,Y,NA,NA,NA,NA,NA
2021-03_Geographe_BOSS,55,NA,115.2069,-33.5917,Claude,NA,2021-03-02T12:26:03:00+08:00,Geographe,NA,17.5,Y,NA,NA,NA,NA,NA
2021-03_Geographe_BOSS,56,NA,115.2247,-33.5702,Claude,NA,2021-03-02T15:30:25:00+08:00,Geographe,NA,24.8,Y,NA,NA,NA,NA,NA
2021-03_Geographe_BOSS,59,NA,115.2262,-33.575,Claude,NA,2021-03-02T14:30:50:00+08:00,Geographe,NA,22.6,Y,NA,NA,NA,NA,NA
2021-03_Geographe_BOSS,61,NA,115.2215,-33.5895,Claude,NA,2021-03-02T13:54:43:00+08:00,Geographe,NA,19.2,Y,NA,NA,NA,NA,NA
2021-03_Geographe_BOSS,63,NA,115.2022,-33.582,Rachel,NA,2021-03-02T10:57:01:00+08:00,Geographe,NA,21.8,Y,NA,NA,NA,NA,NA
2021-03_Geographe_BOSS,64,NA,115.2199,-33.5605,Claude,NA,2021-03-02T15:59:10:00+08:00,Geographe,NA,25,Y,NA,NA,NA,NA,NA
2021-03_Geographe_BOSS,65,NA,115.2278,-33.6009,Claude,NA,2021-03-02T13:27:09:00+08:00,Geographe,NA,16.3,Y,NA,NA,NA,NA,NA
2021-03_Geographe_BOSS,66,NA,115.2066,-33.5788,Claude,NA,2021-03-02T11:08:21:00+08:00,Geographe,NA,22.7,Y,NA,NA,NA,NA,NA
2021-03_Geographe_BOSS,67,NA,115.2244,-33.5573,Claude,NA,2021-03-02T16:16:24:00+08:00,Geographe,NA,25.5,Y,NA,NA,NA,NA,NA
2021-03_Geographe_BOSS,68,NA,115.2149,-33.5934,Claude,NA,2021-03-02T13:07:35:00+08:00,Geographe,NA,16.3,Y,NA,NA,NA,NA,NA
2021-03_Geographe_BOSS,69,NA,115.2183,-33.5863,Claude,NA,2021-03-02T14:03:09:00+08:00,Geographe,NA,20.3,Y,NA,NA,NA,NA,NA
2021-03_Geographe_BOSS,70,NA,115.2101,-33.5643,Claude,NA,2021-03-02T15:04:13:00+08:00,Geographe,NA,26.1,Y,NA,NA,NA,NA,NA
2021-03_Geographe_BOSS,72,NA,115.2146,-33.5547,Claude,NA,2021-03-02T16:27:56:00+08:00,Geographe,NA,22.1,Y,NA,NA,NA,NA,NA
2021-03_Geographe_BOSS,74,NA,115.2119,-33.5837,Claude,NA,2021-03-02T11:56:11:00+08:00,Geographe,NA,20.8,Y,NA,NA,NA,NA,NA
2021-03_Geographe_BOSS,75,NA,115.2297,-33.5622,Claude,NA,2021-03-02T15:48:33:00+08:00,Geographe,NA,23.1,Y,NA,NA,NA,NA,NA
2021-03_Geographe_BOSS,77,NA,115.2247,-33.596,Claude,NA,2021-03-02T13:45:06:00+08:00,Geographe,NA,17.1,Y,NA,NA,NA,NA,NA
2021-03_Geographe_BOSS,78,NA,115.2168,-33.5668,Claude,NA,2021-03-02T15:20:45:00+08:00,Geographe,NA,24.3,Y,NA,NA,NA,NA,NA
2021-03_Geographe_BOSS,81,NA,115.2101,-33.574,Claude,NA,2021-03-02T11:24:45:00+08:00,Geographe,NA,23.4,Y,NA,NA,NA,NA,NA
2021-03_Geographe_BOSS,83,NA,115.2055,-33.5884,Claude,NA,2021-03-02T12:16:05:00+08:00,Geographe,NA,18.8,Y,NA,NA,NA,NA,NA
2021-03_Geographe_BOSS,84,NA,115.2313,-33.6009,Claude,NA,2021-03-02T13:35:25:00+08:00,Geographe,NA,16.1,Y,NA,NA,NA,NA,NA
2021-03_Geographe_BOSS,85,NA,115.2004,-33.5787,Claude,NA,2021-03-02T10:46:32:00+08:00,Geographe,NA,22.4,Y,NA,NA,NA,NA,NA
2021-03_Geographe_BOSS,86,NA,115.2087,-33.5933,Claude,NA,2021-03-02T12:57:01:00+08:00,Geographe,NA,16.4,Y,NA,NA,NA,NA,NA
2021-03_Geographe_BOSS,88,NA,115.2217,-33.5862,Claude,NA,2021-03-02T14:11:36:00+08:00,Geographe,NA,20.9,Y,NA,NA,NA,NA,NA
2021-03_Geographe_BOSS,89,NA,115.2136,-33.5644,Claude,NA,2021-03-02T15:11:44:00+08:00,Geographe,NA,25.6,Y,NA,NA,NA,NA,NA
2021-03_Geographe_BOSS,90,NA,115.2198,-33.5765,Claude,NA,2021-03-02T14:21:33:00+08:00,Geographe,NA,23.1,Y,NA,NA,NA,NA,NA
2021-03_Geographe_BOSS,91,NA,115.2116,-33.5547,Claude,NA,2021-03-02T16:36:06:00+08:00,Geographe,NA,27.6,Y,NA,NA,NA,NA,NA
2021-03_Geographe_BOSS,93,NA,115.2153,-33.5837,Claude,NA,2021-03-02T11:46:41:00+08:00,Geographe,NA,20.9,Y,NA,NA,NA,NA,NA
2021-03_Geographe_BOSS,94,NA,115.2331,-33.5622,Claude,NA,2021-03-02T15:40:35:00+08:00,Geographe,NA,24.3,Y,NA,NA,NA,NA,NA
2021-03_Geographe_BOSS,96,NA,115.2261,-33.5589,Claude,NA,2021-03-02T16:07:52:00+08:00,Geographe,NA,25,Y,NA,NA,NA,NA,NA
2021-03_Geographe_BOSS,97,NA,115.2038,-33.5949,Claude,NA,2021-03-02T12:35:53:00+08:00,Geographe,NA,16.7,Y,NA,NA,NA,NA,NA
2021-03_Geographe_BOSS,98,NA,115.2215,-33.5733,Claude,NA,2021-03-02T14:42:33:00+08:00,Geographe,NA,24.3,Y,NA,NA,NA,NA,NA
2021-03_Geographe_BOSS,100,NA,115.2022,-33.5658,Claude,NA,2021-03-02T14:54:45:00+08:00,Geographe,NA,25.4,Y,NA,NA,NA,NA,NA
2021-03_Geographe_BOSS,101,NA,115.1855,-33.5635,Claude,NA,2021-03-02T09:52:39:00+08:00,Geographe,NA,26.9,Y,NA,NA,NA,NA,NA
2021-03_Geographe_BOSS,123,NA,115.1548,-33.5574,Rachel,NA,2021-03-02T09:06:07:00+08:00,Geographe,NA,26.9,Y,NA,NA,NA,NA,NA
2021-03_Geographe_BOSS,129,NA,115.1741,-33.5408,Claude,NA,2021-03-02T07:57:08:00+08:00,Geographe,NA,29.3,Y,NA,NA,NA,NA,NA
2021-03_Geographe_BOSS,144,NA,115.1656,-33.5491,Claude,NA,2021-03-02T08:25:24:00+08:00,Geographe,NA,29,Y,NA,NA,NA,NA,NA
2021-03_Geographe_BOSS,147,NA,115.1841,-33.5748,Rachel,NA,2021-03-02T10:09:51:00+08:00,Geographe,NA,23.8,Y,NA,NA,NA,NA,NA
2021-03_Geographe_BOSS,160,NA,115.18,-33.5446,Rachel,NA,2021-03-02T08:13:30:00+08:00,Geographe,NA,29.3,Y,NA,NA,NA,NA,NA
2021-03_Geographe_BOSS,174,NA,115.1821,-33.5531,Rachel,NA,2021-03-02T08:38:28:00+08:00,Geographe,NA,27.9,Y,NA,NA,NA,NA,NA
2021-03_Geographe_BOSS,186,NA,115.1588,-33.5387,Rachel,NA,2021-03-02T07:44:00:00+08:00,Geographe,NA,30.4,Y,NA,NA,NA,NA,NA
2021-03_Geographe_BOSS,189,NA,115.1959,-33.573,Claude,NA,2021-03-02T10:23:32:00+08:00,Geographe,NA,23.4,Y,NA,NA,NA,NA,NA
2021-03_Geographe_BOSS,208,NA,115.1775,-33.5558,Claude,NA,2021-03-02T08:52:24:00+08:00,Geographe,NA,28,Y,NA,NA,NA,NA,NA
2021-03_Geographe_BOSS,217,NA,115.163,-33.5669,Rachel,NA,2021-03-02T09:35:49:00+08:00,Geographe,NA,26.4,Y,NA,NA,NA,NA,NA
2021-03_Geographe_BOSS,237,NA,115.1561,-33.5584,Claude,NA,2021-03-02T09:24:48:00+08:00,Geographe,NA,27,Y,NA,NA,NA,NA,NA
2021-03_Geographe_BOSS,239,NA,115.1935,-33.5843,Rachel,NA,2021-03-02T10:34:57:00+08:00,Geographe,NA,20.4,Y,NA,NA,NA,NA,NA
2021-03_Geographe_BOSS,52,NA,115.2036,-33.5433,Claude,NA,2021-03-03T08:08:59:00+08:00,Geographe,NA,29.9,Y,NA,NA,NA,NA,NA
2021-03_Geographe_BOSS,57,NA,115.2164,-33.5484,Claude,NA,2021-03-03T08:29:48:00+08:00,Geographe,NA,29.8,Y,NA,NA,NA,NA,NA
2021-03_Geographe_BOSS,58,NA,115.233,-33.5848,NA,NA,2021-03-03T09:52:58:00+08:00,Geographe,NA,22.1,NA,NA,NA,NA,NA,NA
2021-03_Geographe_BOSS,60,NA,115.205,-33.553,Claude,NA,2021-03-03T07:18:40:00+08:00,Geographe,NA,26.9,Y,NA,NA,NA,NA,NA
2021-03_Geographe_BOSS,62,NA,115.2311,-33.5461,Claude,NA,2021-03-03T08:53:24:00+08:00,Geographe,NA,28,Y,NA,NA,NA,NA,NA
2021-03_Geographe_BOSS,71,NA,115.2279,-33.5428,Claude,NA,2021-03-03T08:42:00:00+08:00,Geographe,NA,27.5,Y,NA,NA,NA,NA,NA
2021-03_Geographe_BOSS,73,NA,115.2312,-33.5912,NA,NA,2021-03-03T10:17:40:00+08:00,Geographe,NA,18.4,NA,NA,NA,NA,NA,NA
2021-03_Geographe_BOSS,76,NA,115.2085,-33.5401,Claude,NA,2021-03-03T07:59:04:00+08:00,Geographe,NA,29.5,Y,NA,NA,NA,NA,NA
2021-03_Geographe_BOSS,79,NA,115.2086,-33.545,Claude,NA,2021-03-03T08:18:14:00+08:00,Geographe,NA,28.7,Y,NA,NA,NA,NA,NA
2021-03_Geographe_BOSS,80,NA,115.2295,-33.5815,NA,NA,2021-03-03T09:43:02:00+08:00,Geographe,NA,22.3,NA,NA,NA,NA,NA,NA
2021-03_Geographe_BOSS,82,NA,115.2279,-33.5525,Claude,NA,2021-03-03T09:04:47:00+08:00,Geographe,NA,26,Y,NA,NA,NA,NA,NA
2021-03_Geographe_BOSS,87,NA,115.2053,-33.5497,Claude,NA,2021-03-03T07:28:04:00+08:00,Geographe,NA,28.8,Y,NA,NA,NA,NA,NA
2021-03_Geographe_BOSS,92,NA,115.2282,-33.5912,NA,NA,2021-03-03T10:09:59:00+08:00,Geographe,NA,20.3,NA,NA,NA,NA,NA,NA
2021-03_Geographe_BOSS,95,NA,115.2006,-33.54,Claude,NA,2021-03-03T07:49:42:00+08:00,Geographe,NA,29.5,Y,NA,NA,NA,NA,NA
2021-03_Geographe_BOSS,99,NA,115.2299,-33.588,NA,NA,2021-03-03T10:01:30:00+08:00,Geographe,NA,21.1,NA,NA,NA,NA,NA,NA
2021-03_Geographe_BOSS,106,NA,115.2544,-33.5539,NA,NA,2021-03-03T11:43:06:00+08:00,Geographe,NA,21.2,NA,NA,NA,NA,NA,NA
2021-03_Geographe_BOSS,111,NA,115.2917,-33.5798,NA,NA,2021-03-03T14:12:30:00+08:00,Geographe,NA,17.7,NA,NA,NA,NA,NA,NA
2021-03_Geographe_BOSS,112,NA,115.3109,-33.5674,NA,NA,2021-03-03T15:07:27:00+08:00,Geographe,NA,19.4,NA,NA,NA,NA,NA,NA
2021-03_Geographe_BOSS,115,NA,115.1977,-33.5467,Claude,NA,2021-03-03T07:38:04:00+08:00,Geographe,NA,28.5,Y,NA,NA,NA,NA,NA
2021-03_Geographe_BOSS,118,NA,115.2398,-33.5713,Claude,NA,2021-03-03T09:20:15:00+08:00,Geographe,NA,25.5,Y,NA,NA,NA,NA,NA
2021-03_Geographe_BOSS,120,NA,115.2584,-33.5906,NA,NA,2021-03-03T10:59:40:00+08:00,Geographe,NA,14.6,NA,NA,NA,NA,NA,NA
2021-03_Geographe_BOSS,125,NA,115.2682,-33.5738,NA,NA,2021-03-03T12:58:56:00+08:00,Geographe,NA,24.3,NA,NA,NA,NA,NA,NA
2021-03_Geographe_BOSS,128,NA,115.2867,-33.5994,NA,NA,2021-03-03T13:41:46:00+08:00,Geographe,NA,13.5,NA,NA,NA,NA,NA,NA
2021-03_Geographe_BOSS,130,NA,115.3252,-33.562,NA,NA,2021-03-03T15:52:12:00+08:00,Geographe,NA,18.3,NA,NA,NA,NA,NA,NA
2021-03_Geographe_BOSS,133,NA,115.2491,-33.5798,NA,NA,2021-03-03T11:29:04:00+08:00,Geographe,NA,20.4,NA,NA,NA,NA,NA,NA
2021-03_Geographe_BOSS,137,NA,115.2692,-33.5823,NA,NA,2021-03-03T13:09:03:00+08:00,Geographe,NA,21.6,NA,NA,NA,NA,NA,NA
2021-03_Geographe_BOSS,150,NA,115.3028,-33.5569,NA,NA,2021-03-03T14:46:45:00+08:00,Geographe,NA,22,NA,NA,NA,NA,NA,NA
2021-03_Geographe_BOSS,152,NA,115.2653,-33.5437,NA,NA,2021-03-03T12:02:36:00+08:00,Geographe,NA,27,NA,NA,NA,NA,NA,NA
2021-03_Geographe_BOSS,154,NA,115.2837,-33.5693,NA,NA,2021-03-03T14:24:19:00+08:00,Geographe,NA,19.7,NA,NA,NA,NA,NA,NA
2021-03_Geographe_BOSS,158,NA,115.2546,-33.6027,NA,NA,2021-03-03T10:48:34:00+08:00,Geographe,NA,15.8,NA,NA,NA,NA,NA,NA
2021-03_Geographe_BOSS,161,NA,115.3311,-33.5657,NA,NA,2021-03-03T16:02:00:00+08:00,Geographe,NA,18.1,NA,NA,NA,NA,NA,NA
2021-03_Geographe_BOSS,164,NA,115.2746,-33.5523,NA,NA,2021-03-03T12:31:01:00+08:00,Geographe,NA,24.7,NA,NA,NA,NA,NA,NA
2021-03_Geographe_BOSS,170,NA,115.2382,-33.592,NA,NA,2021-03-03T10:27:08:00+08:00,Geographe,NA,18.2,NA,NA,NA,NA,NA,NA
2021-03_Geographe_BOSS,177,NA,115.2956,-33.561,NA,NA,2021-03-03T14:37:30:00+08:00,Geographe,NA,22.4,NA,NA,NA,NA,NA,NA
2021-03_Geographe_BOSS,185,NA,115.2902,-33.5976,NA,NA,2021-03-03T13:51:15:00+08:00,Geographe,NA,14,NA,NA,NA,NA,NA,NA
2021-03_Geographe_BOSS,194,NA,115.3381,-33.5686,NA,NA,2021-03-03T16:11:40:00+08:00,Geographe,NA,15.8,NA,NA,NA,NA,NA,NA
2021-03_Geographe_BOSS,198,NA,115.2626,-33.5634,NA,NA,2021-03-03T12:46:30:00+08:00,Geographe,NA,253,NA,NA,NA,NA,NA,NA
2021-03_Geographe_BOSS,203,NA,115.2811,-33.589,NA,NA,2021-03-03T14:01:31:00+08:00,Geographe,NA,14.5,NA,NA,NA,NA,NA,NA
2021-03_Geographe_BOSS,206,NA,115.243,-33.5948,NA,NA,2021-03-03T10:36:29:00+08:00,Geographe,NA,18.4,NA,NA,NA,NA,NA,NA
2021-03_Geographe_BOSS,209,NA,115.3287,-33.577,NA,NA,2021-03-03T15:39:55:00+08:00,Geographe,NA,15.2,NA,NA,NA,NA,NA,NA
2021-03_Geographe_BOSS,213,NA,115.2714,-33.6002,NA,NA,2021-03-03T13:22:11:00+08:00,Geographe,NA,20.3,NA,NA,NA,NA,NA,NA
2021-03_Geographe_BOSS,219,NA,115.2582,-33.5492,NA,NA,2021-03-03T11:52:12:00+08:00,Geographe,NA,26,NA,NA,NA,NA,NA,NA
2021-03_Geographe_BOSS,225,NA,115.3051,-33.5711,NA,NA,2021-03-03T15:16:45:00+08:00,Geographe,NA,19.9,NA,NA,NA,NA,NA,NA
2021-03_Geographe_BOSS,230,NA,115.2482,-33.5723,Claude,NA,2021-03-03T09:30:16:00+08:00,Geographe,NA,22.4,Y,NA,NA,NA,NA,NA
2021-03_Geographe_BOSS,232,NA,115.2502,-33.5914,NA,NA,2021-03-03T11:08:59:00+08:00,Geographe,NA,16.2,NA,NA,NA,NA,NA,NA
2021-03_Geographe_BOSS,236,NA,115.2891,-33.5413,NA,NA,2021-03-03T12:16:34:00+08:00,Geographe,NA,26.5,NA,NA,NA,NA,NA,NA
2021-03_Geographe_BOSS,238,NA,115.3073,-33.5795,NA,NA,2021-03-03T15:26:45:00+08:00,Geographe,NA,18.2,NA,NA,NA,NA,NA,NA
2021-03_Geographe_BOSS,244,NA,115.2784,-33.604,NA,NA,2021-03-03T13:31:50:00+08:00,Geographe,NA,15.3,NA,NA,NA,NA,NA,NA
2021-03_Geographe_BOSS,245,NA,115.3171,-33.5665,NA,NA,2021-03-03T14:58:59:00+08:00,Geographe,NA,18.8,NA,NA,NA,NA,NA,NA
2021-03_Geographe_BOSS,247,NA,115.2409,-33.5845,NA,NA,2021-03-03T11:19:34:00+08:00,Geographe,NA,17.1,NA,NA,NA,NA,NA,NA
2021-03_Geographe_BOSS,1,NA,115.3906,-33.5551,NA,NA,2021-03-04T15:07:18:00+08:00,Geographe,NA,13.5,NA,NA,NA,NA,NA,NA
2021-03_Geographe_BOSS,2,NA,115.3772,-33.5375,NA,NA,2021-03-04T13:27:59:00+08:00,Geographe,NA,16.4,NA,NA,NA,NA,NA,NA
2021-03_Geographe_BOSS,3,NA,115.3734,-33.5606,NA,NA,2021-03-04T10:59:32:00+08:00,Geographe,NA,14.5,NA,NA,NA,NA,NA,NA
2021-03_Geographe_BOSS,5,NA,115.3803,-33.553,NA,NA,2021-03-04T11:50:00+08:00,Geographe,NA,14.4,NA,NA,NA,NA,NA,NA
2021-03_Geographe_BOSS,6,NA,115.3856,-33.5473,NA,NA,2021-03-04T15:25:48:00+08:00,Geographe,NA,14.5,NA,NA,NA,NA,NA,NA
2021-03_Geographe_BOSS,7,NA,115.3651,-33.5412,NA,NA,2021-03-04T12:19:59:00+08:00,Geographe,NA,18.1,NA,NA,NA,NA,NA,NA
2021-03_Geographe_BOSS,8,NA,115.3783,-33.5684,NA,NA,2021-03-04T10:16:16:00+08:00,Geographe,NA,14.5,NA,NA,NA,NA,NA,NA
2021-03_Geographe_BOSS,9,NA,115.3888,-33.5628,NA,NA,2021-03-04T14:49:36:00+08:00,Geographe,NA,13.8,NA,NA,NA,NA,NA,NA
2021-03_Geographe_BOSS,10,NA,115.3754,-33.5452,NA,NA,2021-03-04T13:54:16:00+08:00,Geographe,NA,14.2,NA,NA,NA,NA,NA,NA
2021-03_Geographe_BOSS,11,NA,115.3683,-33.5567,NA,NA,2021-03-04T11:24:59:00+08:00,Geographe,NA,14.4,NA,NA,NA,NA,NA,NA
2021-03_Geographe_BOSS,13,NA,115.3888,-33.5619,NA,NA,2021-03-04T14:41:38:00+08:00,Geographe,NA,13.9,NA,NA,NA,NA,NA,NA
2021-03_Geographe_BOSS,14,NA,115.3754,-33.5443,NA,NA,2021-03-04T13:46:22:00+08:00,Geographe,NA,14.7,NA,NA,NA,NA,NA,NA
2021-03_Geographe_BOSS,15,NA,115.3855,-33.5541,NA,NA,2021-03-04T14:15:43:00+08:00,Geographe,NA,13.8,NA,NA,NA,NA,NA,NA
2021-03_Geographe_BOSS,16,NA,115.3786,-33.5599,NA,NA,2021-03-04T10:49:50:00+08:00,Geographe,NA,13.8,NA,NA,NA,NA,NA,NA
2021-03_Geographe_BOSS,17,NA,115.3836,-33.5696,NA,NA,2021-03-04T10:07:34:00+08:00,Geographe,NA,14.2,NA,NA,NA,NA,NA,NA
2021-03_Geographe_BOSS,18,NA,115.3701,-33.552,NA,NA,2021-03-04T12:00:00+08:00,Geographe,NA,14.7,NA,NA,NA,NA,NA,NA
2021-03_Geographe_BOSS,21,NA,115.3669,-33.5377,NA,NA,2021-03-04T12:30:42:00+08:00,Geographe,NA,18.6,NA,NA,NA,NA,NA,NA
2021-03_Geographe_BOSS,22,NA,115.3805,-33.5495,NA,NA,2021-03-04T14:04:32:00+08:00,Geographe,NA,14,NA,NA,NA,NA,NA,NA
2021-03_Geographe_BOSS,23,NA,115.3832,-33.5438,NA,NA,2021-03-04T15:34:27:00+08:00,Geographe,NA,14.4,NA,NA,NA,NA,NA,NA
2021-03_Geographe_BOSS,25,NA,115.3759,-33.565,NA,NA,2021-03-04T10:24:44:00+08:00,Geographe,NA,13.4,NA,NA,NA,NA,NA,NA
2021-03_Geographe_BOSS,27,NA,115.3862,-33.5593,NA,NA,2021-03-04T14:32:24:00+08:00,Geographe,NA,13.6,NA,NA,NA,NA,NA,NA
2021-03_Geographe_BOSS,30,NA,115.3709,-33.5572,NA,NA,2021-03-04T11:16:47:00+08:00,Geographe,NA,14.9,NA,NA,NA,NA,NA,NA
2021-03_Geographe_BOSS,32,NA,115.3778,-33.5546,NA,NA,2021-03-04T11:42:00+08:00,Geographe,NA,15.8,NA,NA,NA,NA,NA,NA
2021-03_Geographe_BOSS,33,NA,115.3882,-33.549,NA,NA,2021-03-04T15:17:58:00+08:00,Geographe,NA,14.3,NA,NA,NA,NA,NA,NA
2021-03_Geographe_BOSS,34,NA,115.3748,-33.5314,NA,NA,2021-03-04T13:18:42:00+08:00,Geographe,NA,18.7,NA,NA,NA,NA,NA,NA
2021-03_Geographe_BOSS,35,NA,115.381,-33.5702,NA,NA,2021-03-04T09:59:13:00+08:00,Geographe,NA,14.8,NA,NA,NA,NA,NA,NA
2021-03_Geographe_BOSS,36,NA,115.3824,-33.5644,NA,NA,2021-03-04T10:33:37:00+08:00,Geographe,NA,14.1,NA,NA,NA,NA,NA,NA
2021-03_Geographe_BOSS,39,NA,115.3721,-33.5623,NA,NA,2021-03-04T11:07:39:00+08:00,Geographe,NA,14.3,NA,NA,NA,NA,NA,NA
2021-03_Geographe_BOSS,41,NA,115.3928,-33.5568,NA,NA,2021-03-04T14:59:20:00+08:00,Geographe,NA,13.6,NA,NA,NA,NA,NA,NA
2021-03_Geographe_BOSS,42,NA,115.3794,-33.5392,NA,NA,2021-03-04T13:36:48:00+08:00,Geographe,NA,15.7,NA,NA,NA,NA,NA,NA
2021-03_Geographe_BOSS,43,NA,115.3842,-33.5566,NA,NA,2021-03-04T14:24:02:00+08:00,Geographe,NA,13.5,NA,NA,NA,NA,NA,NA
2021-03_Geographe_BOSS,44,NA,115.3637,-33.5505,NA,NA,2021-03-04T12:09:00+08:00,Geographe,NA,16.5,NA,NA,NA,NA,NA,NA
2021-03_Geographe_BOSS,45,NA,115.3772,-33.5623,NA,NA,2021-03-04T10:42:04:00+08:00,Geographe,NA,14,NA,NA,NA,NA,NA,NA
2021-03_Geographe_BOSS,47,NA,115.3739,-33.5545,NA,NA,2021-03-04T11:34:00+08:00,Geographe,NA,14.3,NA,NA,NA,NA,NA,NA
2021-03_Geographe_BOSS,103,NA,115.3395,-33.5593,NA,NA,2021-03-04T07:41:35:00+08:00,Geographe,NA,16.4,NA,NA,NA,NA,NA,NA
2021-03_Geographe_BOSS,116,NA,115.3534,-33.576,NA,NA,2021-03-04T07:18:20:00+08:00,Geographe,NA,14.4,NA,NA,NA,NA,NA,NA
2021-03_Geographe_BOSS,140,NA,115.3452,-33.5706,NA,NA,2021-03-04T07:29:50:00+08:00,Geographe,NA,14.9,NA,NA,NA,NA,NA,NA
2021-03_Geographe_BOSS,141,NA,115.3552,-33.5423,NA,NA,2021-03-04T08:44:07:00+08:00,Geographe,NA,19.3,NA,NA,NA,NA,NA,NA
2021-03_Geographe_BOSS,167,NA,115.3505,-33.5407,NA,NA,2021-03-04T08:32:15:00+08:00,Geographe,NA,19.3,NA,NA,NA,NA,NA,NA
2021-03_Geographe_BOSS,175,NA,115.3713,-33.5716,NA,NA,2021-03-04T09:39:31:00+08:00,Geographe,NA,13.7,NA,NA,NA,NA,NA,NA
2021-03_Geographe_BOSS,180,NA,115.3432,-33.549,NA,NA,2021-03-04T07:53:55:00+08:00,Geographe,NA,18.8,NA,NA,NA,NA,NA,NA
2021-03_Geographe_BOSS,190,NA,115.3571,-33.5657,NA,NA,2021-03-04T08:59:32:00+08:00,Geographe,NA,14.1,NA,NA,NA,NA,NA,NA
2021-03_Geographe_BOSS,191,NA,115.3708,-33.5152,NA,NA,2021-03-04T13:05:10:00+08:00,Geographe,NA,22.3,NA,NA,NA,NA,NA,NA
2021-03_Geographe_BOSS,196,NA,115.3762,-33.5745,NA,NA,2021-03-04T09:49:22:00+08:00,Geographe,NA,13.6,NA,NA,NA,NA,NA,NA
2021-03_Geographe_BOSS,210,NA,115.3615,-33.5094,NA,NA,2021-03-04T12:54:25:00+08:00,Geographe,NA,22.8,NA,NA,NA,NA,NA,NA
2021-03_Geographe_BOSS,224,NA,115.334,-33.5461,NA,NA,2021-03-04T08:05:19:00+08:00,Geographe,NA,20.4,NA,NA,NA,NA,NA,NA
2021-03_Geographe_BOSS,227,NA,115.362,-33.5687,NA,NA,2021-03-04T09:28:22:00+08:00,Geographe,NA,14.5,NA,NA,NA,NA,NA,NA
2021-03_Geographe_BOSS,234,NA,115.3652,-33.5264,NA,NA,2021-03-04T12:41:33:00+08:00,Geographe,NA,21,NA,NA,NA,NA,NA,NA
2021-03_Geographe_BOSS,241,NA,115.3462,-33.5293,NA,NA,2021-03-04T08:20:19:00+08:00,Geographe,NA,22.3,NA,NA,NA,NA,NA,NA
2021-03_Geographe_BOSS,242,NA,115.3548,-33.577,NA,NA,2021-03-04T07:08:48:00+08:00,Geographe,NA,13.9,NA,NA,NA,NA,NA,NA
2021-03_Geographe_BOSS,4,NA,115.4012,-33.5436,NA,NA,2021-03-05T10:54:00:00+08:00,Geographe,NA,13.2,NA,NA,NA,NA,NA,NA
2021-03_Geographe_BOSS,12,NA,115.3959,-33.5504,NA,NA,2021-03-05T08:06:58:00+08:00,Geographe,NA,13.2,NA,NA,NA,NA,NA,NA
2021-03_Geographe_BOSS,19,NA,115.3908,-33.5464,NA,NA,2021-03-05T08:23:24:00+08:00,Geographe,NA,13.9,NA,NA,NA,NA,NA,NA
2021-03_Geographe_BOSS,20,NA,115.401,-33.5556,NA,NA,2021-03-05T07:41:33:00+08:00,Geographe,NA,13.5,NA,NA,NA,NA,NA,NA
2021-03_Geographe_BOSS,24,NA,115.3901,-33.5361,NA,NA,2021-03-05T08:43:08:00+08:00,Geographe,NA,14.4,NA,NA,NA,NA,NA,NA
2021-03_Geographe_BOSS,26,NA,115.4037,-33.5479,NA,NA,2021-03-05T11:13:02:00+08:00,Geographe,NA,13.6,NA,NA,NA,NA,NA,NA
2021-03_Geographe_BOSS,28,NA,115.3933,-33.5517,NA,NA,2021-03-05T07:58:44:00+08:00,Geographe,NA,13.2,NA,NA,NA,NA,NA,NA
2021-03_Geographe_BOSS,29,NA,115.3852,-33.5283,NA,NA,2021-03-05T09:12:15:00+08:00,Geographe,NA,17.4,NA,NA,NA,NA,NA,NA
2021-03_Geographe_BOSS,31,NA,115.3987,-33.5401,NA,NA,2021-03-05T10:44:55:00+08:00,Geographe,NA,14.6,NA,NA,NA,NA,NA,NA
2021-03_Geographe_BOSS,37,NA,115.3896,-33.5413,NA,NA,2021-03-05T08:33:26:00+08:00,Geographe,NA,13.8,NA,NA,NA,NA,NA,NA
2021-03_Geographe_BOSS,38,NA,115.3863,-33.5335,NA,NA,2021-03-05T08:51:51:00+08:00,Geographe,NA,15.3,NA,NA,NA,NA,NA,NA
2021-03_Geographe_BOSS,40,NA,115.3999,-33.5453,NA,NA,2021-03-05T11:04:37:00+08:00,Geographe,NA,13.3,NA,NA,NA,NA,NA,NA
2021-03_Geographe_BOSS,46,NA,115.405,-33.5452,NA,NA,2021-03-05T11:21:03:00+08:00,Geographe,NA,14.7,NA,NA,NA,NA,NA,NA
2021-03_Geographe_BOSS,48,NA,115.3946,-33.549,NA,NA,2021-03-05T08:14:57:00+08:00,Geographe,NA,13.3,NA,NA,NA,NA,NA,NA
2021-03_Geographe_BOSS,49,NA,115.3813,-33.5314,NA,NA,2021-03-05T09:00:51:00+08:00,Geographe,NA,17.1,NA,NA,NA,NA,NA,NA
2021-03_Geographe_BOSS,50,NA,115.3971,-33.5529,NA,NA,2021-03-05T07:50:07:00+08:00,Geographe,NA,14.7,NA,NA,NA,NA,NA,NA
2021-03_Geographe_BOSS,104,NA,115.4102,-33.4936,NA,NA,2021-03-05T13:05:37:00+08:00,Geographe,NA,19.6,NA,NA,NA,NA,NA,NA
2021-03_Geographe_BOSS,108,NA,115.4064,-33.5274,NA,NA,2021-03-05T11:50:18:00+08:00,Geographe,NA,15,NA,NA,NA,NA,NA,NA
2021-03_Geographe_BOSS,110,NA,115.4199,-33.4769,NA,NA,2021-03-05T13:26:37:00+08:00,Geographe,NA,20.4,NA,NA,NA,NA,NA,NA
2021-03_Geographe_BOSS,113,NA,115.4384,-33.5025,NA,NA,2021-03-05T15:09:20:00+08:00,Geographe,NA,14.8,NA,NA,NA,NA,NA,NA
2021-03_Geographe_BOSS,119,NA,115.4434,-33.4885,NA,NA,2021-03-05T14:09:34:00+08:00,Geographe,NA,14.8,NA,NA,NA,NA,NA,NA
2021-03_Geographe_BOSS,122,NA,115.424,-33.5136,NA,NA,2021-03-05T12:27:20:00+08:00,Geographe,NA,15.1,NA,NA,NA,NA,NA,NA
2021-03_Geographe_BOSS,127,NA,115.3957,-33.509,NA,NA,2021-03-05T10:02:11:00+08:00,Geographe,NA,18.7,NA,NA,NA,NA,NA,NA
2021-03_Geographe_BOSS,131,NA,115.4016,-33.5344,NA,NA,2021-03-05T10:35:35:00+08:00,Geographe,NA,13.8,NA,NA,NA,NA,NA,NA
2021-03_Geographe_BOSS,134,NA,115.4527,-33.497,NA,NA,2021-03-05T14:39:21:00+08:00,Geographe,NA,13.1,NA,NA,NA,NA,NA,NA
2021-03_Geographe_BOSS,136,NA,115.4353,-33.4799,NA,NA,2021-03-05T13:58:43:00+08:00,Geographe,NA,17,NA,NA,NA,NA,NA,NA
2021-03_Geographe_BOSS,142,NA,115.4064,-33.5049,NA,NA,2021-03-05T12:44:59:00+08:00,Geographe,NA,17.1,NA,NA,NA,NA,NA,NA
2021-03_Geographe_BOSS,146,NA,115.4123,-33.5303,NA,NA,2021-03-05T11:41:22:00+08:00,Geographe,NA,13.8,NA,NA,NA,NA,NA,NA
2021-03_Geographe_BOSS,148,NA,115.3877,-33.492,NA,NA,2021-03-05T09:40:29:00+08:00,Geographe,NA,22.2,NA,NA,NA,NA,NA,NA
2021-03_Geographe_BOSS,151,NA,115.4299,-33.5174,NA,NA,2021-03-05T15:49:34:00+08:00,Geographe,NA,13.2,NA,NA,NA,NA,NA,NA
2021-03_Geographe_BOSS,165,NA,115.4266,-33.5258,NA,NA,2021-03-05T15:59:50:00+08:00,Geographe,NA,14.4,NA,NA,NA,NA,NA,NA
2021-03_Geographe_BOSS,166,NA,115.4015,-33.5128,NA,NA,2021-03-05T10:14:18:00+08:00,Geographe,NA,16.7,NA,NA,NA,NA,NA,NA
2021-03_Geographe_BOSS,171,NA,115.4419,-33.5091,NA,NA,2021-03-05T15:38:30:00+08:00,Geographe,NA,13.2,NA,NA,NA,NA,NA,NA
2021-03_Geographe_BOSS,181,NA,115.4132,-33.52,NA,NA,2021-03-05T12:08:08:00+08:00,Geographe,NA,14,NA,NA,NA,NA,NA,NA
2021-03_Geographe_BOSS,183,NA,115.4564,-33.4888,NA,NA,2021-03-05T14:30:09:00+08:00,Geographe,NA,13.8,NA,NA,NA,NA,NA,NA
2021-03_Geographe_BOSS,184,NA,115.4189,-33.4693,NA,NA,2021-03-05T13:36:31:00+08:00,Geographe,NA,21.9,NA,NA,NA,NA,NA,NA
2021-03_Geographe_BOSS,187,NA,115.4374,-33.495,NA,NA,2021-03-05T14:50:09:00+08:00,Geographe,NA,14.4,NA,NA,NA,NA,NA,NA
2021-03_Geographe_BOSS,195,NA,115.4278,-33.5032,NA,NA,2021-03-05T15:20:05:00+08:00,Geographe,NA,14,NA,NA,NA,NA,NA,NA
2021-03_Geographe_BOSS,200,NA,115.4147,-33.5369,NA,NA,2021-03-05T11:31:51:00+08:00,Geographe,NA,14.2,NA,NA,NA,NA,NA,NA
2021-03_Geographe_BOSS,202,NA,115.4093,-33.4861,NA,NA,2021-03-05T13:15:25:00+08:00,Geographe,NA,20.2,NA,NA,NA,NA,NA,NA
2021-03_Geographe_BOSS,205,NA,115.3959,-33.524,NA,NA,2021-03-05T10:25:20:00+08:00,Geographe,NA,16.4,NA,NA,NA,NA,NA,NA
2021-03_Geographe_BOSS,212,NA,115.438,-33.4724,NA,NA,2021-03-05T13:48:44:00+08:00,Geographe,NA,18.8,NA,NA,NA,NA,NA,NA
2021-03_Geographe_BOSS,215,NA,115.4044,-33.4974,NA,NA,2021-03-05T12:55:49:00+08:00,Geographe,NA,19.5,NA,NA,NA,NA,NA,NA
2021-03_Geographe_BOSS,221,NA,115.4102,-33.5228,NA,NA,2021-03-05T11:59:36:00+08:00,Geographe,NA,15,NA,NA,NA,NA,NA,NA
2021-03_Geographe_BOSS,223,NA,115.3851,-33.5182,NA,NA,2021-03-05T09:23:37:00+08:00,Geographe,NA,19.4,NA,NA,NA,NA,NA,NA
2021-03_Geographe_BOSS,226,NA,115.4327,-33.5062,NA,NA,2021-03-05T15:28:43:00+08:00,Geographe,NA,15.1,NA,NA,NA,NA,NA,NA
2021-03_Geographe_BOSS,231,NA,115.4519,-33.4895,NA,NA,2021-03-05T14:20:02:00+08:00,Geographe,NA,15.3,NA,NA,NA,NA,NA,NA
2021-03_Geographe_BOSS,235,NA,115.4159,-33.5144,NA,NA,2021-03-05T12:17:12:00+08:00,Geographe,NA,13.8,NA,NA,NA,NA,NA,NA
2021-03_Geographe_BOSS,240,NA,115.3972,-33.5015,NA,NA,2021-03-05T09:51:36:00+08:00,Geographe,NA,20,NA,NA,NA,NA,NA,NA
2021-03_Geographe_BOSS,248,NA,115.4446,-33.5017,NA,NA,2021-03-05T15:00:00:00+08:00,Geographe,NA,13.9,NA,NA,NA,NA,NA,NA
2024-04_Geographe_BOSS,GB-DC-065,Fished,115.448335,-33.49171167,NA,NA,2024-04-11T13:48:35+08:00,Geographe Bay,NA,15.7,NA,NA,Yes,NA,Bri Beaulieu,NA
2024-04_Geographe_BOSS,GB-DC-049,Fished,115.4474033,-33.50011,NA,NA,2024-04-11T14:02:12+08:00,Geographe Bay,NA,14.8,NA,NA,Yes,NA,Bri Beaulieu,NA
2024-04_Geographe_BOSS,GB-DC-069,Fished,115.4438767,-33.50389167,NA,NA,2024-04-11T14:10:58+08:00,Geographe Bay,NA,14.6,NA,NA,Yes,NA,Bri Beaulieu,NA
2024-04_Geographe_BOSS,GB-DC-046,Fished,115.414765,-33.50868333,NA,NA,2024-04-11T14:27:09+08:00,Geographe Bay,NA,16.8,NA,NA,Yes,NA,Bri Beaulieu,NA
2024-04_Geographe_BOSS,GB-DC-053,Fished,115.4252667,-33.51022167,NA,NA,2024-04-11T14:37:53+08:00,Geographe Bay,NA,15.0,NA,NA,Yes,NA,Bri Beaulieu,NA
2024-04_Geographe_BOSS,GB-DC-030,Fished,115.4282015,-33.51426397,NA,NA,2024-04-11T14:46:08+08:00,Geographe Bay,NA,14.6,NA,NA,Yes,NA,Bri Beaulieu,NA
2024-04_Geographe_BOSS,GB-DC-020,Fished,115.4142583,-33.52925667,NA,NA,2024-04-11T14:59:29+08:00,Geographe Bay,NA,14.9,NA,NA,Yes,NA,Bri Beaulieu,NA
2024-04_Geographe_BOSS,GB-DC-047,Fished,115.4107867,-33.53303167,NA,NA,2024-04-11T15:07:11+08:00,Geographe Bay,NA,14.6,NA,NA,Yes,NA,Bri Beaulieu,NA
2024-04_Geographe_BOSS,GB-DC-108,No-take,115.39921,-33.537115,NA,NA,2024-04-11T15:17:55+08:00,Geographe Bay,NA,15.1,NA,NA,Yes,NA,Bri Beaulieu,NA
2024-04_Geographe_BOSS,GB-DC-112,No-take,115.39637,-33.54546667,NA,NA,2024-04-11T15:29:10+08:00,Geographe Bay,NA,14.7,NA,NA,Yes,NA,Bri Beaulieu,NA
2024-04_Geographe_BOSS,GB-DC-104,No-take,115.4052217,-33.54605167,NA,NA,2024-04-11T15:37:37+08:00,Geographe Bay,NA,15.1,NA,NA,Yes,NA,Bri Beaulieu,NA
2024-04_Geographe_BOSS,GB-DC-118,No-take,115.39107,-33.54902,NA,NA,2024-04-11T15:47:55+08:00,Geographe Bay,NA,14.6,NA,NA,Yes,NA,Bri Beaulieu,NA
2024-04_Geographe_BOSS,GB-DC-109,No-take,115.3929483,-33.55220333,NA,NA,2024-04-11T15:55:49+08:00,Geographe Bay,NA,14.1,NA,NA,Yes,NA,Bri Beaulieu,NA
2024-04_Geographe_BOSS,GB-DC-099,Fished,115.2165917,-33.539705,NA,NA,2024-04-13T15:07:24+08:00,Geographe Bay,NA,30.3,NA,NA,Yes,NA,Bri Beaulieu,NA
2024-04_Geographe_BOSS,GB-DC-090,Fished,115.2044517,-33.5443,NA,NA,2024-04-13T15:18:26+08:00,Geographe Bay,NA,31.5,NA,NA,Yes,NA,Bri Beaulieu,NA
2024-04_Geographe_BOSS,GB-DC-095,Fished,115.210015,-33.55191167,NA,NA,2024-04-13T15:28:33+08:00,Geographe Bay,NA,28.3,NA,NA,Yes,NA,Bri Beaulieu,NA
2024-04_Geographe_BOSS,GB-DC-097,Fished,115.22597,-33.55049333,NA,NA,2024-04-13T15:41:27+08:00,Geographe Bay,NA,28.6,NA,NA,Yes,NA,Bri Beaulieu,NA
2024-04_Geographe_BOSS,GB-DC-094,Fished,115.2306383,-33.551025,NA,NA,2024-04-13T15:50:22+08:00,Geographe Bay,NA,27.5,NA,NA,Yes,NA,Bri Beaulieu,NA
2024-04_Geographe_BOSS,GB-DC-056,Fished,115.2365162,-33.55674812,NA,NA,2024-04-13T15:59:57+08:00,Geographe Bay,NA,26.9,NA,NA,Yes,NA,Bri Beaulieu,NA
2024-04_Geographe_BOSS,GB-DC-093,Fished,115.2272233,-33.56044833,NA,NA,2024-04-13T16:09:57+08:00,Geographe Bay,NA,27.4,NA,NA,Yes,NA,Bri Beaulieu,NA
2024-04_Geographe_BOSS,GB-DC-086,Fished,115.2311933,-33.56503667,NA,NA,2024-04-13T16:18:36+08:00,Geographe Bay,NA,26.2,NA,NA,Yes,NA,Bri Beaulieu,NA
2024-04_Geographe_BOSS,GB-DC-087,Fished,115.2082783,-33.565025,NA,NA,2024-04-13T16:33:10+08:00,Geographe Bay,NA,26.6,NA,NA,Yes,NA,Bri Beaulieu,NA
2024-04_Geographe_BOSS,GB-DC-098,Fished,115.2053083,-33.56778,NA,NA,2024-04-13T16:40:45+08:00,Geographe Bay,NA,26.4,NA,NA,Yes,NA,Bri Beaulieu,NA
2024-04_Geographe_BOSS,GB-DC-092,Fished,115.2018333,-33.57187833,NA,NA,2024-04-13T16:49:28+08:00,Geographe Bay,NA,25.2,NA,NA,Yes,NA,Bri Beaulieu,NA
2024-04_Geographe_BOSS,GB-DC-088,Fished,115.20978,-33.57534833,NA,NA,2024-04-13T16:58:46+08:00,Geographe Bay,NA,24.3,NA,NA,Yes,NA,Bri Beaulieu,NA
2024-04_Geographe_BOSS,GB-DC-033,Fished,115.1629067,-33.54341833,NA,NA,2024-04-14T07:39:47+08:00,Geographe Bay,NA,30.8,NA,NA,Yes,NA,Bri Beaulieu,NA
2024-04_Geographe_BOSS,GB-DC-052,Fished,115.1875067,-33.53469,NA,NA,2024-04-14T07:55:48+08:00,Geographe Bay,NA,30.6,NA,NA,Yes,NA,Bri Beaulieu,NA
2024-04_Geographe_BOSS,GB-DC-072,Fished,115.1700333,-33.53260667,NA,NA,2024-04-14T08:08:33+08:00,Geographe Bay,NA,32.2,NA,NA,Yes,NA,Bri Beaulieu,NA
2024-04_Geographe_BOSS,GB-DC-060,Fished,115.1644467,-33.53219667,NA,NA,2024-04-14T08:17:21+08:00,Geographe Bay,NA,32.5,NA,NA,Yes,NA,Bri Beaulieu,NA
2024-04_Geographe_BOSS,GB-DC-021,Fished,115.1434683,-33.53726167,NA,NA,2024-04-14T08:31:48+08:00,Geographe Bay,NA,31.9,NA,NA,Yes,NA,Bri Beaulieu,NA
2024-04_Geographe_BOSS,GB-DC-037,Fished,115.1543383,-33.526035,NA,NA,2024-04-14T08:44:14+08:00,Geographe Bay,NA,33.4,NA,NA,Yes,NA,Bri Beaulieu,NA
2024-04_Geographe_BOSS,GB-DC-076,Fished,115.131165,-33.52023,NA,NA,2024-04-14T08:59:02+08:00,Geographe Bay,NA,34.8,NA,NA,Yes,NA,Bri Beaulieu,NA
2024-04_Geographe_BOSS,GB-DC-045,Fished,115.129255,-33.51914,NA,NA,2024-04-14T09:07:59+08:00,Geographe Bay,NA,34.9,NA,NA,Yes,NA,Bri Beaulieu,NA
2024-04_Geographe_BOSS,GB-DC-055,Fished,115.1408117,-33.51697167,NA,NA,2024-04-14T09:19:44+08:00,Geographe Bay,NA,33.7,NA,NA,Yes,NA,Bri Beaulieu,NA
2024-04_Geographe_BOSS,GB-DC-C01,Fished,115.0774767,-33.523185,NA,NA,2024-04-14T09:48:17+08:00,Geographe Bay,NA,35.0,NA,NA,Yes,NA,Bri Beaulieu,NA
2024-04_Geographe_BOSS,GB-DC-059,Fished,115.0994883,-33.50003167,NA,NA,2024-04-14T10:19:54+08:00,Geographe Bay,NA,37.4,NA,NA,Yes,NA,Bri Beaulieu,NA
2024-04_Geographe_BOSS,GB-DC-051,Fished,115.1032083,-33.49615,NA,NA,2024-04-14T10:29:25+08:00,Geographe Bay,NA,38.6,NA,NA,Yes,NA,Bri Beaulieu,NA
2024-04_Geographe_BOSS,GB-DC-012,Fished,115.07948,-33.49152667,NA,NA,2024-04-14T10:47:10+08:00,Geographe Bay,NA,40.9,NA,NA,Yes,NA,Bri Beaulieu,NA
2024-04_Geographe_BOSS,GB-DC-029,Fished,115.0856433,-33.4851,NA,NA,2024-04-14T10:57:42+08:00,Geographe Bay,NA,42.3,NA,NA,Yes,NA,Bri Beaulieu,NA
2024-04_Geographe_BOSS,GB-DC-067,Fished,115.1140017,-33.48470167,NA,NA,2024-04-14T11:13:55+08:00,Geographe Bay,NA,39.8,NA,NA,Yes,NA,Bri Beaulieu,NA
2024-04_Geographe_BOSS,GB-DC-041,Fished,115.11747,-33.48469167,NA,NA,2024-04-14T11:22:33+08:00,Geographe Bay,NA,40.0,NA,NA,Yes,NA,Bri Beaulieu,NA
2024-04_Geographe_BOSS,GB-DC-018,Fished,115.1196783,-33.48910167,NA,NA,2024-04-14T11:31:45+08:00,Geographe Bay,NA,39.8,NA,NA,Yes,NA,Bri Beaulieu,NA
2024-04_Geographe_BOSS,GB-DC-034,Fished,115.1647917,-33.494015,NA,NA,2024-04-14T11:58:40+08:00,Geographe Bay,NA,35.9,NA,NA,Yes,NA,Bri Beaulieu,NA
2024-04_Geographe_BOSS,GB-DC-078,Fished,115.1583733,-33.497885,NA,NA,2024-04-14T12:08:38+08:00,Geographe Bay,NA,35.8,NA,NA,Yes,NA,Bri Beaulieu,NA
2024-04_Geographe_BOSS,GB-DC-071,Fished,115.1512983,-33.50554333,NA,NA,2024-04-14T12:19:59+08:00,Geographe Bay,NA,35.6,NA,NA,Yes,NA,Bri Beaulieu,NA
2024-04_Geographe_BOSS,GB-DC-022,Fished,115.181575,-33.51642667,NA,NA,2024-04-14T12:37:12+08:00,Geographe Bay,NA,33.6,NA,NA,Yes,NA,Bri Beaulieu,NA
2024-04_Geographe_BOSS,GB-DC-038,Fished,115.1746017,-33.524215,NA,NA,2024-04-14T12:48:41+08:00,Geographe Bay,NA,32.5,NA,NA,Yes,NA,Bri Beaulieu,NA
2024-04_Geographe_BOSS,GB-DC-024,Fished,115.2699797,-33.54250971,NA,NA,2024-04-16T08:18:42+08:00,Geographe Bay,NA,26.7,NA,NA,Yes,NA,Bri Beaulieu,NA
2024-04_Geographe_BOSS,GB-DC-075,Fished,115.2424,-33.53671167,NA,NA,2024-04-16T08:35:30+08:00,Geographe Bay,NA,28.6,NA,NA,Yes,NA,Bri Beaulieu,NA
2024-04_Geographe_BOSS,GB-DC-063,Fished,115.2288767,-33.53081667,NA,NA,2024-04-16T08:48:19+08:00,Geographe Bay,NA,20.6,NA,NA,Yes,NA,Bri Beaulieu,NA
2024-04_Geographe_BOSS,GB-DC-074,Fished,115.2268983,-33.52643833,NA,NA,2024-04-16T09:01:14+08:00,Geographe Bay,NA,29.5,NA,NA,Yes,NA,Bri Beaulieu,NA
2024-04_Geographe_BOSS,GB-DC-079,Fished,115.2058117,-33.52829833,NA,NA,2024-04-16T09:24:55+08:00,Geographe Bay,NA,31.3,NA,NA,Yes,NA,Bri Beaulieu,NA
2024-04_Geographe_BOSS,GB-DC-062,Fished,115.20146,-33.51917333,NA,NA,2024-04-16T09:41:28+08:00,Geographe Bay,NA,32.2,NA,NA,Yes,NA,Bri Beaulieu,NA
2024-04_Geographe_BOSS,GB-DC-016,Fished,115.2020267,-33.504775,NA,NA,2024-04-16T09:55:29+08:00,Geographe Bay,NA,33.9,NA,NA,Yes,NA,Bri Beaulieu,NA
2024-04_Geographe_BOSS,GB-DC-026,Fished,115.2184317,-33.50382667,NA,NA,2024-04-16T10:07:05+08:00,Geographe Bay,NA,32.6,NA,NA,Yes,NA,Bri Beaulieu,NA
2024-04_Geographe_BOSS,GB-DC-042,Fished,115.2262567,-33.50872333,NA,NA,2024-04-16T10:17:44+08:00,Geographe Bay,NA,32.3,NA,NA,Yes,NA,Bri Beaulieu,NA
2024-04_Geographe_BOSS,GB-DC-002,Fished,115.2429717,-33.50954333,NA,NA,2024-04-16T10:34:59+08:00,Geographe Bay,NA,32.4,NA,NA,Yes,NA,Bri Beaulieu,NA
2024-04_Geographe_BOSS,GB-DC-043,Fished,115.259965,-33.53338667,NA,NA,2024-04-16T13:12:23+08:00,Geographe Bay,NA,28.3,NA,NA,Yes,NA,Bri Beaulieu,NA
2024-04_Geographe_BOSS,GB-DC-006,Fished,115.2508033,-33.52506,NA,NA,2024-04-16T13:23:59+08:00,Geographe Bay,NA,30.2,NA,NA,Yes,NA,Bri Beaulieu,NA
2024-04_Geographe_BOSS,GB-DC-013,Fished,115.2980167,-33.52297833,NA,NA,2024-04-16T13:43:15+08:00,Geographe Bay,NA,26.4,NA,NA,Yes,NA,Bri Beaulieu,NA
2024-04_Geographe_BOSS,GB-DC-019,Fished,115.2938883,-33.503675,NA,NA,2024-04-16T14:00:18+08:00,Geographe Bay,NA,28.4,NA,NA,Yes,NA,Bri Beaulieu,NA
2024-04_Geographe_BOSS,GB-DC-009,Fished,115.28617,-33.49915833,NA,NA,2024-04-16T14:11:53+08:00,Geographe Bay,NA,29.8,NA,NA,Yes,NA,Bri Beaulieu,NA
2024-04_Geographe_BOSS,GB-DC-035,Fished,115.2871733,-33.49063,NA,NA,2024-04-16T14:23:11+08:00,Geographe Bay,NA,30.3,NA,NA,Yes,NA,Bri Beaulieu,NA
2024-04_Geographe_BOSS,GB-DC-073,Fished,115.2942917,-33.48766667,NA,NA,2024-04-16T14:35:17+08:00,Geographe Bay,NA,29.8,NA,NA,Yes,NA,Bri Beaulieu,NA
2024-04_Geographe_BOSS,GB-DC-057,Fished,115.3033717,-33.48448,NA,NA,2024-04-16T14:46:54+08:00,Geographe Bay,NA,30.0,NA,NA,Yes,NA,Bri Beaulieu,NA
2024-04_Geographe_BOSS,GB-DC-027,Fished,115.3132783,-33.48943167,NA,NA,2024-04-16T14:57:59+08:00,Geographe Bay,NA,29.1,NA,NA,Yes,NA,Bri Beaulieu,NA
2024-04_Geographe_BOSS,GB-DC-039,Fished,115.3397383,-33.48804333,NA,NA,2024-04-16T15:13:42+08:00,Geographe Bay,NA,28.3,NA,NA,Yes,NA,Bri Beaulieu,NA
2024-04_Geographe_BOSS,GB-DC-001,Fished,115.3866483,-33.48771833,NA,NA,2024-04-16T15:33:43+08:00,Geographe Bay,NA,24.1,NA,NA,Yes,NA,Bri Beaulieu,NA
2024-04_Geographe_BOSS,GB-DC-005,Fished,115.3537833,-33.499035,NA,NA,2024-04-16T15:50:52+08:00,Geographe Bay,NA,25.8,NA,NA,Yes,NA,Bri Beaulieu,NA
2024-04_Geographe_BOSS,GB-DC-023,Fished,115.3233217,-33.49873667,NA,NA,2024-04-16T16:08:37+08:00,Geographe Bay,NA,27.7,NA,NA,Yes,NA,Bri Beaulieu,NA
2024-04_Geographe_BOSS,GB-DC-031,Fished,115.3242867,-33.51132667,NA,NA,2024-04-16T16:21:11+08:00,Geographe Bay,NA,26.6,NA,NA,Yes,NA,Bri Beaulieu,NA
2024-04_Geographe_BOSS,GB-DC-010,Fished,115.345065,-33.52028333,NA,NA,2024-04-16T16:35:04+08:00,Geographe Bay,NA,23.9,NA,NA,Yes,NA,Bri Beaulieu,NA
2024-04_Geographe_BOSS,GB-DC-014,Fished,115.3491933,-33.52839,NA,NA,2024-04-16T16:45:54+08:00,Geographe Bay,NA,22.8,NA,NA,Yes,NA,Bri Beaulieu,NA
2024-04_Geographe_BOSS,GB-DC-101,No-take,115.3830833,-33.52420667,NA,NA,2024-04-17T15:06:24+08:00,Geographe Bay,NA,19.7,NA,NA,Yes,NA,Bri Beaulieu,NA
2024-04_Geographe_BOSS,GB-DC-113,No-take,115.3800179,-33.53435824,NA,NA,2024-04-17T15:18:34+08:00,Geographe Bay,NA,17.7,NA,NA,Yes,NA,Bri Beaulieu,NA
2024-04_Geographe_BOSS,GB-DC-111,No-take,115.374505,-33.537915,NA,NA,2024-04-17T15:27:26+08:00,Geographe Bay,NA,17.6,NA,NA,Yes,NA,Bri Beaulieu,NA
2024-04_Geographe_BOSS,GB-DC-107,No-take,115.3670783,-33.54058833,NA,NA,2024-04-17T15:37:00+08:00,Geographe Bay,NA,18,NA,NA,Yes,NA,Bri Beaulieu,NA
2024-04_Geographe_BOSS,GB-DC-120,No-take,115.35868,-33.54804667,NA,NA,2024-04-17T15:47:20+08:00,Geographe Bay,NA,17.2,NA,NA,Yes,NA,Bri Beaulieu,NA
2024-04_Geographe_BOSS,GB-DC-116,No-take,115.370315,-33.55768667,NA,NA,2024-04-17T15:59:22+08:00,Geographe Bay,NA,14.6,NA,NA,Yes,NA,Bri Beaulieu,NA
2024-04_Geographe_BOSS,GB-DC-119,No-take,115.3722899,-33.55506,NA,NA,2024-04-17T16:08:14+08:00,Geographe Bay,NA,15.7,NA,NA,Yes,NA,Bri Beaulieu,NA
2024-04_Geographe_BOSS,GB-DC-117,No-take,115.38054,-33.54243167,NA,NA,2024-04-17T16:18:40+08:00,Geographe Bay,NA,15.7,NA,NA,Yes,NA,Bri Beaulieu,NA
2024-04_Geographe_BOSS,GB-DC-114,No-take,115.3820583,-33.54523333,NA,NA,2024-04-17T16:25:16+08:00,Geographe Bay,NA,15.7,NA,NA,Yes,NA,Bri Beaulieu,NA
2024-04_Geographe_BOSS,GB-DC-110,No-take,115.38889,-33.55330167,NA,NA,2024-04-17T16:37:51+08:00,Geographe Bay,NA,14.1,NA,NA,Yes,NA,Bri Beaulieu,NA
2024-04_Geographe_BOSS,GB-DC-106,No-take,115.392555,-33.55564667,NA,NA,2024-04-17T16:45:16+08:00,Geographe Bay,NA,14.1,NA,NA,Yes,NA,Bri Beaulieu,NA
2024-04_Geographe_BOSS,GB-DC-048,Fished,115.2852317,-33.59415167,NA,NA,2024-04-18T08:01:31+08:00,Geographe Bay,NA,16.7,NA,NA,Yes,NA,Bri Beaulieu,NA
2024-04_Geographe_BOSS,GB-DC-070,Fished,115.2797223,-33.59896987,NA,NA,2024-04-18T08:12:33+08:00,Geographe Bay,NA,15.5,NA,NA,Yes,NA,Bri Beaulieu,NA
2024-04_Geographe_BOSS,GB-DC-058,Fished,115.2644783,-33.58743352,NA,NA,2024-04-18T08:27:13+08:00,Geographe Bay,NA,18.5,NA,NA,Yes,NA,Bri Beaulieu,NA
2024-04_Geographe_BOSS,GB-DC-064,Fished,115.2529533,-33.60050333,NA,NA,2024-04-18T08:48:26+08:00,Geographe Bay,NA,16.2,NA,NA,Yes,NA,Bri Beaulieu,NA
2024-04_Geographe_BOSS,GB-DC-080,Fished,115.2485483,-33.59155833,NA,NA,2024-04-18T09:03:27+08:00,Geographe Bay,NA,18.6,NA,NA,Yes,NA,Bri Beaulieu,NA
2024-04_Geographe_BOSS,GB-DC-032,Fished,115.24665,-33.58158833,NA,NA,2024-04-18T09:14:52+08:00,Geographe Bay,NA,21.8,NA,NA,Yes,NA,Bri Beaulieu,NA
2024-04_Geographe_BOSS,GB-DC-025,Fished,115.241005,-33.58108333,NA,NA,2024-04-18T09:23:14+08:00,Geographe Bay,NA,22.1,NA,NA,Yes,NA,Bri Beaulieu,NA
2024-04_Geographe_BOSS,GB-DC-082,Fished,115.2302067,-33.58374167,NA,NA,2024-04-18T09:33:41+08:00,Geographe Bay,NA,22.7,NA,NA,Yes,NA,Bri Beaulieu,NA
2024-04_Geographe_BOSS,GB-DC-081,Fished,115.22893,-33.58523,NA,NA,2024-04-18T09:39:28+08:00,Geographe Bay,NA,22.3,NA,NA,Yes,NA,Bri Beaulieu,NA
2024-04_Geographe_BOSS,GB-DC-085,Fished,115.2307817,-33.590525,NA,NA,2024-04-18T09:47:46+08:00,Geographe Bay,NA,19.7,NA,NA,Yes,NA,Bri Beaulieu,NA
2024-04_Geographe_BOSS,GB-DC-096,Fished,115.229755,-33.59966667,NA,NA,2024-04-18T09:59:05+08:00,Geographe Bay,NA,17.2,NA,NA,Yes,NA,Bri Beaulieu,NA
2024-04_Geographe_BOSS,GB-DC-100,Fished,115.217475,-33.59191167,NA,NA,2024-04-18T10:10:29+08:00,Geographe Bay,NA,18.1,NA,NA,Yes,NA,Bri Beaulieu,NA
2024-04_Geographe_BOSS,GB-DC-084,Fished,115.2250917,-33.58154167,NA,NA,2024-04-18T10:21:54+08:00,Geographe Bay,NA,23.3,NA,NA,Yes,NA,Bri Beaulieu,NA
2024-04_Geographe_BOSS,GB-DC-083,Fished,115.2186817,-33.580965,NA,NA,2024-04-18T10:31:43+08:00,Geographe Bay,NA,23.6,NA,NA,Yes,NA,Bri Beaulieu,NA
2024-04_Geographe_BOSS,GB-DC-089,Fished,115.2241,-33.576915,NA,NA,2024-04-18T10:40:53+08:00,Geographe Bay,NA,24.1,NA,NA,Yes,NA,Bri Beaulieu,NA
2024-04_Geographe_BOSS,GB-DC-091,Fished,115.2136783,-33.57588167,NA,NA,2024-04-18T10:52:29+08:00,Geographe Bay,NA,23.8,NA,NA,Yes,NA,Bri Beaulieu,NA
2024-04_Geographe_BOSS,GB-DC-007,Fished,115.1739283,-33.58385167,NA,NA,2024-04-18T11:13:51+08:00,Geographe Bay,NA,23.1,NA,NA,Yes,NA,Bri Beaulieu,NA
2024-04_Geographe_BOSS,GB-DC-003,Fished,115.1927767,-33.563565,NA,NA,2024-04-18T11:35:26+08:00,Geographe Bay,NA,28.1,NA,NA,Yes,NA,Bri Beaulieu,NA
2024-04_Geographe_BOSS,GB-DC-017,Fished,115.1978617,-33.55976833,NA,NA,2024-04-18T11:44:44+08:00,Geographe Bay,NA,27.8,NA,NA,Yes,NA,Bri Beaulieu,NA
2024-04_Geographe_BOSS,GB-DC-068,Fished,115.24422,-33.561735,NA,NA,2024-04-18T12:08:53+08:00,Geographe Bay,NA,25.0,NA,NA,Yes,NA,Bri Beaulieu,NA
2024-04_Geographe_BOSS,GB-DC-044,Fished,115.2571896,-33.57033792,NA,NA,2024-04-18T12:22:00+08:00,Geographe Bay,NA,23.6,NA,NA,Yes,NA,Bri Beaulieu,NA
2024-04_Geographe_BOSS,GB-DC-015,Fished,115.266725,-33.556595,NA,NA,2024-04-18T12:35:35+08:00,Geographe Bay,NA,26.8,NA,NA,Yes,NA,Bri Beaulieu,NA
2024-04_Geographe_BOSS,GB-DC-008,Fished,115.2706117,-33.56451667,NA,NA,2024-04-18T12:47:03+08:00,Geographe Bay,NA,25.5,NA,NA,Yes,NA,Bri Beaulieu,NA
2024-04_Geographe_BOSS,GB-DC-011,Fished,115.2870617,-33.55887333,NA,NA,2024-04-18T12:59:26+08:00,Geographe Bay,NA,24.3,NA,NA,Yes,NA,Bri Beaulieu,NA
2024-04_Geographe_BOSS,GB-DC-004,Fished,115.30115,-33.56788667,NA,NA,2024-04-18T13:11:32+08:00,Geographe Bay,NA,22.2,NA,NA,Yes,NA,Bri Beaulieu,NA
2024-04_Geographe_BOSS,GB-DC-040,Fished,115.31094,-33.5596,NA,NA,2024-04-18T13:22:37+08:00,Geographe Bay,NA,21.4,NA,NA,Yes,NA,Bri Beaulieu,NA
2024-04_Geographe_BOSS,GB-DC-028,Fished,115.329465,-33.55327,NA,NA,2024-04-18T13:34:52+08:00,Geographe Bay,NA,20.7,NA,NA,Yes,NA,Bri Beaulieu,NA
2024-04_Geographe_BOSS,GB-DC-077,Fished,115.3526533,-33.56096667,NA,NA,2024-04-18T13:55:39+08:00,Geographe Bay,NA,16.1,NA,NA,Yes,NA,Bri Beaulieu,NA
2024-04_Geographe_BOSS,GB-DC-054,Fished,115.3402383,-33.56799167,NA,NA,2024-04-18T14:08:56+08:00,Geographe Bay,NA,16.5,NA,NA,Yes,NA,Bri Beaulieu,NA
2024-04_Geographe_BOSS,GB-DC-061,Fished,115.3643083,-33.56233167,NA,NA,2024-04-18T14:23:53+08:00,Geographe Bay,NA,14.5,NA,NA,Yes,NA,Bri Beaulieu,NA
2024-04_Geographe_BOSS,GB-DC-115,No-take,115.380525,-33.55606833,NA,NA,2024-04-18T14:37:57+08:00,Geographe Bay,NA,14.8,NA,NA,Yes,NA,Bri Beaulieu,NA
2024-04_Geographe_BOSS,GB-DC-105,No-take,115.3818129,-33.56148805,NA,NA,2024-04-18T14:46:54+08:00,Geographe Bay,NA,14.2,NA,NA,Yes,NA,Bri Beaulieu,NA
2024-04_Geographe_BOSS,GB-DC-102,No-take,115.384145,-33.56529,NA,NA,2024-04-18T14:55:50+08:00,Geographe Bay,NA,14.8,NA,NA,Yes,NA,Bri Beaulieu,NA
2024-04_Geographe_BOSS,GB-DC-103,No-take,115.38358,-33.56964833,NA,NA,2024-04-18T15:04:21+08:00,Geographe Bay,NA,15.1,NA,NA,Yes,NA,Bri Beaulieu,NA
2024-04_Geographe_BOSS,GB-DC-036,Fished,115.3552267,-33.57275333,NA,NA,2024-04-18T15:22:31+08:00,Geographe Bay,NA,15.5,NA,NA,Yes,NA,Bri Beaulieu,NA
2024-04_Geographe_BOSS,GB-DC-050,Fished,115.3444017,-33.57691167,NA,NA,2024-04-18T15:33:29+08:00,Geographe Bay,NA,15.4,NA,NA,Yes,NA,Bri Beaulieu,NA
2024-04_Geographe_BOSS,GB-DC-066,Fished,115.33316,-33.575715,NA,NA,2024-04-18T15:44:36+08:00,Geographe Bay,NA,16.6,NA,NA,Yes,NA,Bri Beaulieu,NA
